,university,major,course,ชื่อหลักสูตร,ชื่อหลักสูตรภาษาอังกฤษ,ประเภทหลักสูตร,วิทยาเขต,ค่าใช้จ่าย,อัตราการสำเร็จการศึกษา,รอบ 1 Portfolio,รอบ 2 Quota,รอบ 3 Admission,รอบ 4 Direct Admission
0,จุฬาลงกรณ์มหาวิทยาลัย,1. วิศวกรรมทั่วไป,1. หลักสูตรวิศวกรรมศาสตรบัณฑิต สาขาวิชาวิศวกรรมศาสตร์ (ภาษาไทย ปกติ),หลักสูตรวิศวกรรมศาสตรบัณฑิต สาขาวิชาวิศวกรรมศาสตร์,Bachelor of Engineering Program,ภาษาไทย ปกติ,วิทยาเขตหลัก,"ภาคการศึกษาต้นและภาคการศึกษาปลาย ภาคการศึกษาละ 25,500 บาท ภาคฤดูร้อน(ถ้ามี) ภาคการศึกษาละ 6,375 บาท ดูรายละเอียดเพิ่มเติม https://www.reg.chula.ac.th/th/information/fee/",ร้อยละ 86.8 ต่อปีการศึกษา,322,38,380,0
1,จุฬาลงกรณ์มหาวิทยาลัย,2. วิศวกรรมคอมพิวเตอร์,1. หลักสูตรวิศวกรรมศาสตรบัณฑิต สาขาวิชาวิศวกรรมคอมพิวเตอร์ (ภาษาไทย ปกติ),หลักสูตรวิศวกรรมศาสตรบัณฑิต สาขาวิชาวิศวกรรมคอมพิวเตอร์,Bachelor of Engineering Program in Computer Engineering,ภาษาไทย ปกติ,วิทยาเขตหลัก,"ภาคการศึกษาต้นและภาคการศึกษาปลาย ภาคการศึกษาละ 25,500 บาท ภาคฤดูร้อน(ถ้ามี) ภาคการศึกษาละ 6,375 บาท ดูรายละเอียดเพิ่มเติม https://www.reg.chula.ac.th/th/information/fee/",ร้อยละ 86.8 ต่อปีการศึกษา,50,0,65,0
2,จุฬาลงกรณ์มหาวิทยาลัย,2. วิศวกรรมคอมพิวเตอร์,2. หลักสูตรวิศวกรรมศาสตรบัณฑิต สาขาวิชาวิศวกรรมคอมพิวเตอร์และเทคโนโลยีดิจิทัล (ภาษาไทย ปกติ),หลักสูตรวิศวกรรมศาสตรบัณฑิต สาขาวิชาวิศวกรรมคอมพิวเตอร์และเทคโนโลยีดิจิทัล,Bachelor of Engineering Program in Computer Engineering and Digital Technology,ภาษาไทย ปกติ,วิทยาเขตหลัก,"ภาคการศึกษาต้นและภาคการศึกษาปลาย ภาคการศึกษาละ 25,500 บาท ภาคฤดูร้อน(ถ้ามี) ภาคการศึกษาละ 6,375 บาท ดูรายละเอียดเพิ่มเติม https://www.reg.chula.ac.th/th/information/fee/",ร้อยละ 86.8 ต่อปีการศึกษา,190,10,140,0
3,จุฬาลงกรณ์มหาวิทยาลัย,3. วิศวกรรมเคมี,1. หลักสูตรวิศวกรรมศาสตรบัณฑิต สาขาวิชาวิศวกรรมเคมีและกระบวนการ (หลักสูตรนานาชาติ) (นานาชาติ),หลักสูตรวิศวกรรมศาสตรบัณฑิต สาขาวิชาวิศวกรรมเคมีและกระบวนการ (หลักสูตรนานาชาติ),Bachelor of Engineering Program in Chemical and Process Engineering (International Program),นานาชาติ,วิทยาเขตหลัก,ดูรายละเอียดเพิ่มเติม https://www.chula.ac.th/academics/admissions/tuition-and-fees/,,40,10,0,0
4,จุฬาลงกรณ์มหาวิทยาลัย,4. วิศวกรรมนิวเคลียร์,1. หลักสูตรวิศวกรรมศาสตรบัณฑิต สาขาวิชาวิศวกรรมนิวเคลียร์และรังสี (ภาษาไทย ปกติ),หลักสูตรวิศวกรรมศาสตรบัณฑิต สาขาวิชาวิศวกรรมนิวเคลียร์และรังสี,Bachelor of Engineering Program in Nuclear and Radiological Engineering,ภาษาไทย ปกติ,วิทยาเขตหลัก,"ภาคการศึกษาต้นและภาคการศึกษาปลาย ภาคการศึกษาละ 25,500 บาท ภาคฤดูร้อน(ถ้ามี) ภาคการศึกษาละ 6,375 บาท ดูรายละเอียดเพิ่มเติม https://www.reg.chula.ac.th/th/information/fee/",ร้อยละ 86.8 ต่อปีการศึกษา,10,0,25,0
5,จุฬาลงกรณ์มหาวิทยาลัย,5. วิศวกรรมไฟฟ้า,1. หลักสูตรวิศวกรรมศาสตรบัณฑิต สาขาวิชาวิศวกรรมไฟฟ้า (ภาษาไทย ปกติ),หลักสูตรวิศวกรรมศาสตรบัณฑิต สาขาวิชาวิศวกรรมไฟฟ้า,Bachelor of Engineering Program in Electrical Engineering,ภาษาไทย ปกติ,วิทยาเขตหลัก,"ภาคการศึกษาต้นและภาคการศึกษาปลาย ภาคการศึกษาละ 25,500 บาท ภาคฤดูร้อน(ถ้ามี) ภาคการศึกษาละ 6,375 บาท ดูรายละเอียดเพิ่มเติม https://www.reg.chula.ac.th/th/information/fee/",ร้อยละ 86.8 ต่อปีการศึกษา,10,0,0,0
6,จุฬาลงกรณ์มหาวิทยาลัย,6. วิศวกรรมไฟฟ้าสื่อสาร วิศวกรรมโทรคมนาคม,1. หลักสูตรวิศวกรรมศาสตรบัณฑิต สาขาวิชาวิศวกรรมสารสนเทศและการสื่อสาร (หลักสูตรนานาชาติ) (นานาชาติ),หลักสูตรวิศวกรรมศาสตรบัณฑิต สาขาวิชาวิศวกรรมสารสนเทศและการสื่อสาร (หลักสูตรนานาชาติ),Bachelor of Engineering Program in Information and Communication Engineering (International Program),นานาชาติ,วิทยาเขตหลัก,ดูรายละเอียดเพิ่มเติม https://www.chula.ac.th/academics/admissions/tuition-and-fees/,ร้อยละ 86.8 ต่อปีการศึกษา,87,21,0,0
7,จุฬาลงกรณ์มหาวิทยาลัย,7. วิศวกรรมยานยนต์,1. หลักสูตรวิศวกรรมศาสตรบัณฑิต สาขาวิชาวิศวกรรมการออกแบบและการผลิตยานยนต์ (หลักสูตรนานาชาติ) (นานาชาติ),หลักสูตรวิศวกรรมศาสตรบัณฑิต สาขาวิชาวิศวกรรมการออกแบบและการผลิตยานยนต์ (หลักสูตรนานาชาติ),Bachelor of Engineering Program in Automotive Design and Manufacturing Engineering (International Program),นานาชาติ,วิทยาเขตหลัก,ดูรายละเอียดเพิ่มเติม https://www.chula.ac.th/academics/admissions/tuition-and-fees/,ร้อยละ 86.8 ต่อปีการศึกษา,45,18,0,0
8,จุฬาลงกรณ์มหาวิทยาลัย,8. วิศวกรรมโยธา,1. หลักสูตรวิศวกรรมศาสตรบัณฑิต สาขาวิชาวิศวกรรมโยธา (ภาษาไทย ปกติ),หลักสูตรวิศวกรรมศาสตรบัณฑิต สาขาวิชาวิศวกรรมโยธา,Bachelor of Engineering Program in Civil Engineering,ภาษาไทย ปกติ,วิทยาเขตหลัก,"ภาคการศึกษาต้นและภาคการศึกษาปลาย ภาคการศึกษาละ 25,500 บาท ภาคฤดูร้อน(ถ้ามี) ภาคการศึกษาละ 6,375 บาท ดูรายละเอียดเพิ่มเติม https://www.reg.chula.ac.th/th/information/fee/",ร้อยละ 86.8 ต่อปีการศึกษา,0,0,10,0
9,จุฬาลงกรณ์มหาวิทยาลัย,9. วิศวกรรมวัสดุ,1. หลักสูตรวิศวกรรมศาสตรบัณฑิต สาขาวิชาวิศวกรรมโลหการและวัสดุ (ภาษาไทย ปกติ),หลักสูตรวิศวกรรมศาสตรบัณฑิต สาขาวิชาวิศวกรรมโลหการและวัสดุ,Bachelor of Engineering Program in Metallurgical and Materials Engineering,ภาษาไทย ปกติ,วิทยาเขตหลัก,"ภาคการศึกษาต้นและภาคการศึกษาปลาย ภาคการศึกษาละ 25,500 บาท ภาคฤดูร้อน(ถ้ามี) ภาคการศึกษาละ 6,375 บาท ดูรายละเอียดเพิ่มเติม https://www.reg.chula.ac.th/th/information/fee/",ร้อยละ 86.8 ต่อปีการศึกษา,0,0,35,0
10,จุฬาลงกรณ์มหาวิทยาลัย,9. วิศวกรรมวัสดุ,2. หลักสูตรวิศวกรรมศาสตรบัณฑิต สาขาวิชาวิศวกรรมนาโน (หลักสูตรนานาชาติ) (นานาชาติ),หลักสูตรวิศวกรรมศาสตรบัณฑิต สาขาวิชาวิศวกรรมนาโน (หลักสูตรนานาชาติ),Bachelor of Engineering Program in Nano-Engineering (International Program),นานาชาติ,วิทยาเขตหลัก,ดูรายละเอียดเพิ่มเติม https://www.chula.ac.th/academics/admissions/tuition-and-fees/,ร้อยละ 86.8 ต่อปีการศึกษา,35,20,0,0
11,จุฬาลงกรณ์มหาวิทยาลัย,10. วิศวกรรมสำรวจ,1. หลักสูตรวิศวกรรมศาสตรบัณฑิต สาขาวิชาวิศวกรรมสำรวจ (ภาษาไทย ปกติ),หลักสูตรวิศวกรรมศาสตรบัณฑิต สาขาวิชาวิศวกรรมสำรวจ,Bachelor of Engineering Program in Survey Engineering,ภาษาไทย ปกติ,วิทยาเขตหลัก,"ภาคการศึกษาต้นและภาคการศึกษาปลาย ภาคการศึกษาละ 25,500 บาท ภาคฤดูร้อน(ถ้ามี) ภาคการศึกษาละ 6,375 บาท ดูรายละเอียดเพิ่มเติม https://www.reg.chula.ac.th/th/information/fee/",ร้อยละ 86.8 ต่อปีการศึกษา,10,0,40,0
12,จุฬาลงกรณ์มหาวิทยาลัย,11. วิศวกรรมสิ่งแวดล้อม,1. หลักสูตรวิศวกรรมศาสตรบัณฑิต สาขาวิชาวิศวกรรมสิ่งแวดล้อม (ภาษาไทย ปกติ),หลักสูตรวิศวกรรมศาสตรบัณฑิต สาขาวิชาวิศวกรรมสิ่งแวดล้อม,Bachelor of Engineering Program in Environmental Engineering,ภาษาไทย ปกติ,วิทยาเขตหลัก,"ภาคการศึกษาต้นและภาคการศึกษาปลาย ภาคการศึกษาละ 25,500 บาท ภาคฤดูร้อน(ถ้ามี) ภาคการศึกษาละ 6,375 บาท ดูรายละเอียดเพิ่มเติม https://www.reg.chula.ac.th/th/information/fee/",ร้อยละ 86.8 ต่อปีการศึกษา,10,0,25,0
13,จุฬาลงกรณ์มหาวิทยาลัย,12. วิศวกรรมหุ่นยนต์,1. หลักสูตรวิศวกรรมศาสตรบัณฑิต สาขาวิชาวิศวกรรมหุ่นยนต์และปัญญาประดิษฐ์ (หลักสูตรนานาชาติ) (นานาชาติ),หลักสูตรวิศวกรรมศาสตรบัณฑิต สาขาวิชาวิศวกรรมหุ่นยนต์และปัญญาประดิษฐ์ (หลักสูตรนานาชาติ),Bachelor of Engineering Program in Robotics and Artificial Intelligence Engineering (International Program),นานาชาติ,วิทยาเขตหลัก,ดูรายละเอียดเพิ่มเติม https://www.chula.ac.th/academics/admissions/tuition-and-fees/,ร้อยละ 86.8 ต่อปีการศึกษา,45,11,0,0
14,จุฬาลงกรณ์มหาวิทยาลัย,13. วิศวกรรมเหมืองแร่,1. หลักสูตรวิศวกรรมศาสตรบัณฑิต สาขาวิชาวิศวกรรมทรัพยากรธรณี (ภาษาไทย ปกติ),หลักสูตรวิศวกรรมศาสตรบัณฑิต สาขาวิชาวิศวกรรมทรัพยากรธรณี,Bachelor of Engineering Program in Georesources Engineering,ภาษาไทย ปกติ,วิทยาเขตหลัก,"ภาคการศึกษาต้นและภาคการศึกษาปลาย ภาคการศึกษาละ 25,500 บาท ภาคฤดูร้อน(ถ้ามี) ภาคการศึกษาละ 6,375 บาท ดูรายละเอียดเพิ่มเติม https://www.reg.chula.ac.th/th/information/fee/",ร้อยละ 86.8 ต่อปีการศึกษา,10,0,25,0
15,จุฬาลงกรณ์มหาวิทยาลัย,14. วิศวกรรมอากาศยาน,1. หลักสูตรวิศวกรรมศาสตรบัณฑิต สาขาวิชาวิศวกรรมอากาศยาน (หลักสูตรนานาชาติ) (นานาชาติ),หลักสูตรวิศวกรรมศาสตรบัณฑิต สาขาวิชาวิศวกรรมอากาศยาน (หลักสูตรนานาชาติ),Bachelor of Engineering Program in Aerospace Engineering (International Program),นานาชาติ,วิทยาเขตหลัก,ดูรายละเอียดเพิ่มเติม https://www.chula.ac.th/academics/admissions/tuition-and-fees/,ร้อยละ 86.8 ต่อปีการศึกษา,33,15,0,0
16,จุฬาลงกรณ์มหาวิทยาลัย,15. วิศวกรรมอุตสาหการ,1. หลักสูตรวิศวกรรมศาสตรบัณฑิต สาขาวิชาวิศวกรรมอุตสาหการ (ภาษาไทย ปกติ),หลักสูตรวิศวกรรมศาสตรบัณฑิต สาขาวิชาวิศวกรรมอุตสาหการ,Bachelor of Engineering Program in Industrial Engineering,ภาษาไทย ปกติ,วิทยาเขตหลัก,"ภาคการศึกษาต้นและภาคการศึกษาปลาย ภาคการศึกษาละ 25,500 บาท ภาคฤดูร้อน(ถ้ามี) ภาคการศึกษาละ 6,375 บาท ดูรายละเอียดเพิ่มเติม https://www.reg.chula.ac.th/th/information/fee/",ร้อยละ 86.8 ต่อปีการศึกษา,0,0,5,0
17,มหาวิทยาลัยเกษตรศาสตร์,1. วิศวกรรมคอมพิวเตอร์,1. วศ.บ. สาขาวิชาวิศวกรรมคอมพิวเตอร์ (ภาษาไทย ปกติ) วิทยาเขต บางเขน,วศ.บ. สาขาวิชาวิศวกรรมคอมพิวเตอร์,B.Eng. (Computer Engineering),ภาษาไทย ปกติ,บางเขน,,,31,0,40,0
18,มหาวิทยาลัยเกษตรศาสตร์,2. วิศวกรรมเคมี,1. วศ.บ. สาขาวิชาวิศวกรรมเคมี (ภาษาไทย ปกติ) วิทยาเขต บางเขน,วศ.บ. สาขาวิชาวิศวกรรมเคมี,B.Eng. (Chemical Engineering),ภาษาไทย ปกติ,บางเขน,,,42,0,15,0
19,มหาวิทยาลัยเกษตรศาสตร์,2. วิศวกรรมเคมี,2. วศ.บ. สาขาวิชาวิศวกรรมเคมี (ภาษาไทย พิเศษ) วิทยาเขต บางเขน,วศ.บ. สาขาวิชาวิศวกรรมเคมี,B.Eng. (Chemical Engineering),ภาษาไทย พิเศษ,บางเขน,,,20,27,39,0
20,มหาวิทยาลัยเกษตรศาสตร์,3. วิศวกรรมเครื่องกล,1. วศ.บ. สาขาวิชาวิศวกรรมเครื่องกล (ภาษาไทย ปกติ) วิทยาเขต บางเขน,วศ.บ. สาขาวิชาวิศวกรรมเครื่องกล,B.Eng. (Mechanical Engineering),ภาษาไทย ปกติ,บางเขน,,,30,32,21,0
21,มหาวิทยาลัยเกษตรศาสตร์,3. วิศวกรรมเครื่องกล,2. วศ.บ. สาขาวิชาวิศวกรรมเครื่องกล (ภาษาไทย พิเศษ) วิทยาเขต บางเขน,วศ.บ. สาขาวิชาวิศวกรรมเครื่องกล,B.Eng. (Mechanical Engineering),ภาษาไทย พิเศษ,บางเขน,,,10,26,35,0
22,มหาวิทยาลัยเกษตรศาสตร์,3. วิศวกรรมเครื่องกล,3. วศ.บ. สาขาวิชาวิศวกรรมเครื่องกล (นานาชาติ) วิทยาเขต บางเขน,วศ.บ. สาขาวิชาวิศวกรรมเครื่องกล,B.Eng. (Mechanical Engineering) (International Program),นานาชาติ,บางเขน,,,35,20,30,10
23,มหาวิทยาลัยเกษตรศาสตร์,4. วิศวกรรมซอฟต์แวร์,1. วศ.บ. สาขาวิชาวิศวกรรมซอฟต์แวร์และความรู้ (นานาชาติ) วิทยาเขต บางเขน,วศ.บ. สาขาวิชาวิศวกรรมซอฟต์แวร์และความรู้,B.Eng. (Software and Knowledge Engineering) (International Program),นานาชาติ,บางเขน,,,40,16,29,0
24,มหาวิทยาลัยเกษตรศาสตร์,5. วิศวกรรมไฟฟ้า,1. วศ.บ. สาขาวิชาวิศวกรรมไฟฟ้า (ภาษาไทย ปกติ) วิทยาเขต บางเขน,วศ.บ. สาขาวิชาวิศวกรรมไฟฟ้า,B.Eng. (Electrical Engineering),ภาษาไทย ปกติ,บางเขน,,,36,0,20,0
25,มหาวิทยาลัยเกษตรศาสตร์,5. วิศวกรรมไฟฟ้า,2. วศ.บ. สาขาวิชาวิศวกรรมไฟฟ้า (ภาษาไทย พิเศษ) วิทยาเขต บางเขน,วศ.บ. สาขาวิชาวิศวกรรมไฟฟ้า,B.Eng. (Electrical Engineering),ภาษาไทย พิเศษ,บางเขน,,,15,20,38,0
26,มหาวิทยาลัยเกษตรศาสตร์,5. วิศวกรรมไฟฟ้า,3. วศ.บ. สาขาวิชาวิศวกรรมไฟฟ้า (ภาษาต่างประเทศ) วิทยาเขต บางเขน,วศ.บ. สาขาวิชาวิศวกรรมไฟฟ้า,B.Eng. (Electrical Engineering),ภาษาต่างประเทศ,บางเขน,,,30,17,30,10
27,มหาวิทยาลัยเกษตรศาสตร์,6. วิศวกรรมเมคคาทรอนิกส์,1. วศ.บ. สาขาวิชาวิศวกรรมไฟฟ้าเครื่องกลการผลิต (ภาษาไทย ปกติ) วิทยาเขต บางเขน,วศ.บ. สาขาวิชาวิศวกรรมไฟฟ้าเครื่องกลการผลิต,B.Eng. (Electrical-Mechanical Manufacturing Engineering),ภาษาไทย ปกติ,บางเขน,,,14,0,12,0
28,มหาวิทยาลัยเกษตรศาสตร์,6. วิศวกรรมเมคคาทรอนิกส์,2. วศ.บ. สาขาวิชาวิศวกรรมไฟฟ้าเครื่องกลการผลิต (ภาษาไทย พิเศษ) วิทยาเขต บางเขน,วศ.บ. สาขาวิชาวิศวกรรมไฟฟ้าเครื่องกลการผลิต,B.Eng. (Electrical-Mechanical Manufacturing Engineering),ภาษาไทย พิเศษ,บางเขน,,,8,15,23,0
29,มหาวิทยาลัยเกษตรศาสตร์,6. วิศวกรรมเมคคาทรอนิกส์,3. วศ.บ. สาขาวิชาวิศวกรรมการผลิตดิจิทัลและการบูรณาการหุ่นยนต์ (นานาชาติ) วิทยาเขต บางเขน,วศ.บ. สาขาวิชาวิศวกรรมการผลิตดิจิทัลและการบูรณาการหุ่นยนต์,B.Eng. (Digital Manufacturing and Robotics Integration Engineering),นานาชาติ,บางเขน,,,20,7,30,10
30,มหาวิทยาลัยเกษตรศาสตร์,7. วิศวกรรมโยธา,1. วศ.บ. สาขาวิชาวิศวกรรมโยธา (ภาษาไทย ปกติ) วิทยาเขต บางเขน,วศ.บ. สาขาวิชาวิศวกรรมโยธา,B.Eng. (Civil Engineering),ภาษาไทย ปกติ,บางเขน,,,35,0,35,0
31,มหาวิทยาลัยเกษตรศาสตร์,7. วิศวกรรมโยธา,2. วศ.บ. สาขาวิชาวิศวกรรมโยธา-ทรัพยากรน้ำ (ภาษาไทย ปกติ) วิทยาเขต บางเขน,วศ.บ. สาขาวิชาวิศวกรรมโยธา-ทรัพยากรน้ำ,B.Eng. (Civil-Water Resources Engineering),ภาษาไทย ปกติ,บางเขน,,,15,0,45,0
32,มหาวิทยาลัยเกษตรศาสตร์,8. วิศวกรรมวัสดุ,1. วศ.บ. สาขาวิชาวิศวกรรมวัสดุ (ภาษาไทย ปกติ) วิทยาเขต บางเขน,วศ.บ. สาขาวิชาวิศวกรรมวัสดุ,B.Eng. (Materials Engineering),ภาษาไทย ปกติ,บางเขน,,,23,0,10,0
33,มหาวิทยาลัยเกษตรศาสตร์,8. วิศวกรรมวัสดุ,2. วศ.บ. สาขาวิชาวิศวกรรมวัสดุ (ภาษาไทย พิเศษ) วิทยาเขต บางเขน,วศ.บ. สาขาวิชาวิศวกรรมวัสดุ,B.Eng. (Materials Engineering),ภาษาไทย พิเศษ,บางเขน,,,15,27,30,10
34,มหาวิทยาลัยเกษตรศาสตร์,9. วิศวกรรมสำรวจ,1. วศ.บ. สาขาวิชาวิศวกรรมสำรวจและสารสนเทศภูมิศาสตร์ (ภาษาไทย พิเศษ) วิทยาเขต บางเขน,วศ.บ. สาขาวิชาวิศวกรรมสำรวจและสารสนเทศภูมิศาสตร์,B.Eng. (Survey Engineering and Geographic Information),ภาษาไทย พิเศษ,บางเขน,,,10,7,45,0
35,มหาวิทยาลัยเกษตรศาสตร์,10. วิศวกรรมสิ่งแวดล้อม,1. วศ.บ. สาขาวิชาวิศวกรรมสิ่งแวดล้อม (ภาษาไทย ปกติ) วิทยาเขต บางเขน,วศ.บ. สาขาวิชาวิศวกรรมสิ่งแวดล้อม,B.Eng. (Environmental Engineering),ภาษาไทย ปกติ,บางเขน,,,6,0,45,0
36,มหาวิทยาลัยเกษตรศาสตร์,11. วิศวกรรมอากาศยาน,1. วศ.บ. สาขาวิชาวิศวกรรมการบินและอวกาศ (ภาษาไทย ปกติ) วิทยาเขต บางเขน,วศ.บ. สาขาวิชาวิศวกรรมการบินและอวกาศ,B.Eng. (Aerospace Engineering),ภาษาไทย ปกติ,บางเขน,,,11,0,25,0
37,มหาวิทยาลัยเกษตรศาสตร์,11. วิศวกรรมอากาศยาน,2. วศ.บ. สาขาวิชาวิศวกรรมการบินและอวกาศ (Double Degree - นานาชาติ พิเศษ) วิทยาเขต บางเขน,วศ.บ. สาขาวิชาวิศวกรรมการบินและอวกาศ,B.Eng. (Aerospace Engineering) (International Program),Double Degree - นานาชาติ พิเศษ,บางเขน,,,22,36,25,5
38,มหาวิทยาลัยเกษตรศาสตร์,12. วิศวกรรมอุตสาหการ,1. วศ.บ. สาขาวิชาวิศวกรรมอุตสาหการ (ภาษาไทย ปกติ) วิทยาเขต บางเขน,วศ.บ. สาขาวิชาวิศวกรรมอุตสาหการ,B.Eng. (Industrial Engineering),ภาษาไทย ปกติ,บางเขน,,,20,0,30,0
39,มหาวิทยาลัยเกษตรศาสตร์,12. วิศวกรรมอุตสาหการ,2. วศ.บ. สาขาวิชาวิศวกรรมอุตสาหการ (ภาษาไทย พิเศษ) วิทยาเขต บางเขน,วศ.บ. สาขาวิชาวิศวกรรมอุตสาหการ,B.Eng. (Industrial Engineering),ภาษาไทย พิเศษ,บางเขน,,,10,15,40,0
40,มหาวิทยาลัยเกษตรศาสตร์,12. วิศวกรรมอุตสาหการ,3. วศ.บ. สาขาวิชาวิศวกรรมอุตสาหการ (ภาษาต่างประเทศ) วิทยาเขต บางเขน,วศ.บ. สาขาวิชาวิศวกรรมอุตสาหการ,B.Eng. (Industrial Engineering),ภาษาต่างประเทศ,บางเขน,,,20,15,20,5
41,มหาวิทยาลัยเกษตรศาสตร์,13. การบิน,1. วท.บ. สาขาวิชาการจัดการเทคโนโลยีการบิน (ภาษาไทย พิเศษ) วิทยาเขต บางเขน,วท.บ. สาขาวิชาการจัดการเทคโนโลยีการบิน,B.S. (Aviation Technology Management),ภาษาไทย พิเศษ,บางเขน,,,25,8,28,0
42,มหาวิทยาลัยกาฬสินธุ์,1. วิศวกรรมเกษตร,1. อส.บ.วิศวกรรมเครื่องจักรกลเกษตร (ภาษาไทย ปกติ) วิทยาเขต วิทยาเขตหลัก,อส.บ.วิศวกรรมเครื่องจักรกลเกษตร,B.Ind.Tech(AgriculturalMachineryEngineering),ภาษาไทย ปกติ,วิทยาเขตหลัก,"อัตราค่าเล่าเรียน 8,650 ต่อภาคเรียน",,10,10,20,28
43,มหาวิทยาลัยกาฬสินธุ์,2. วิศวกรรมคอมพิวเตอร์,1. วศ.บ.วิศวกรรมคอมพิวเตอร์ (ภาษาไทย ปกติ) วิทยาเขต วิทยาเขตหลัก,วศ.บ.วิศวกรรมคอมพิวเตอร์,B.Eng.(Computer Engineering),ภาษาไทย ปกติ,วิทยาเขตหลัก,"อัตราค่าเล่าเรียน 10,150 ต่อภาคเรียน",,10,10,15,10
44,มหาวิทยาลัยกาฬสินธุ์,3. วิศวกรรมเครื่องกล,1. วศ.บ.วิศวกรรมเครื่องกล (ภาษาไทย ปกติ) วิทยาเขต วิทยาเขตหลัก,วศ.บ.วิศวกรรมเครื่องกล,B.Eng.(MechanicalEngineering),ภาษาไทย ปกติ,วิทยาเขตหลัก,"อัตราค่าเล่าเรียน 10,150 ต่อภาคเรียน",,10,10,15,10
45,มหาวิทยาลัยกาฬสินธุ์,4. วิศวกรรมเมคคาทรอนิกส์,1. วศ.บ.วิศวกรรมเมคคาทรอนิกส์ (ภาษาไทย ปกติ) วิทยาเขต วิทยาเขตหลัก,วศ.บ.วิศวกรรมเมคคาทรอนิกส์,B.Eng.(MechatronicsEngineering),ภาษาไทย ปกติ,วิทยาเขตหลัก,"อัตราค่าเล่าเรียน 10,150 ต่อภาคเรียน",,10,10,25,28
46,มหาวิทยาลัยกาฬสินธุ์,5. วิศวกรรมโลจิสติกส์,1. วศ.บ.วิศวกรรมโลจิสติกส์ (ภาษาไทย ปกติ) วิทยาเขต วิทยาเขตหลัก,วศ.บ.วิศวกรรมโลจิสติกส์,B.Eng.(LogisticsEngineering),ภาษาไทย ปกติ,วิทยาเขตหลัก,"อัตราค่าเล่าเรียน 10,150 ต่อภาคเรียน",,10,10,10,14
47,มหาวิทยาลัยกาฬสินธุ์,6. วิศวกรรมอุตสาหการ,1. วศ.บ.วิศวกรรมอุตสาหการ (ภาษาไทย ปกติ) วิทยาเขต วิทยาเขตหลัก,วศ.บ.วิศวกรรมอุตสาหการ,B.Eng. (Industrial Engineering),ภาษาไทย ปกติ,วิทยาเขตหลัก,"อัตราค่าเล่าเรียน 10,150 ต่อภาคเรียน",,10,10,20,19
48,มหาวิทยาลัยกาฬสินธุ์,7. การออกแบบอุตสาหกรรม,1. สถ.บ.นวัตกรรมการออกแบบ (ภาษาไทย ปกติ) วิทยาเขต วิทยาเขตหลัก,สถ.บ.นวัตกรรมการออกแบบ,B.Arch. (Design Innovation),ภาษาไทย ปกติ,วิทยาเขตหลัก,"อัตราค่าเล่าเรียน 10,800 ต่อภาคเรียน",,10,10,15,14
49,มหาวิทยาลัยขอนแก่น,1. วิศวกรรมเกษตร,1. วิศวกรรมศาสตรบัณฑิต (วิศวกรรมเกษตร) วิศวกรรมเกษตร (ภาษาไทย ปกติ) วิทยาเขต ขอนแก่น,วิศวกรรมศาสตรบัณฑิต (วิศวกรรมเกษตร) วิศวกรรมเกษตร,Bachelor of Engineering (Agricultural Engineering),ภาษาไทย ปกติ,ขอนแก่น,สามารถดูรายละเอียดได้ที่ https://admissions.kku.ac.th/tuitionfee/,,26,29,7,4
50,มหาวิทยาลัยขอนแก่น,2. วิศวกรรมคอมพิวเตอร์,1. วิศวกรรมศาสตรบัณฑิต (วิศวกรรมคอมพิวเตอร์) วิศวกรรมคอมพิวเตอร์ (ภาษาไทย ปกติ) วิทยาเขต ขอนแก่น,วิศวกรรมศาสตรบัณฑิต (วิศวกรรมคอมพิวเตอร์) วิศวกรรมคอมพิวเตอร์,Bachelor of Engineering (Computer Engineering),ภาษาไทย ปกติ,ขอนแก่น,สามารถดูรายละเอียดได้ที่ https://admissions.kku.ac.th/tuitionfee/,,50,53,30,0
51,มหาวิทยาลัยขอนแก่น,3. วิศวกรรมเคมี,1. วิศวกรรมศาสตรบัณฑิต (วิศวกรรมกระบวนการเคมี) วิศวกรรมกระบวนการเคมี หลักสูตรนานาชาติ (นานาชาติ) วิทยาเขต ขอนแก่น,วิศวกรรมศาสตรบัณฑิต (วิศวกรรมกระบวนการเคมี) วิศวกรรมกระบวนการเคมี หลักสูตรนานาชาติ,Bachelor of Engineering (Chemical Process Engineering),นานาชาติ,ขอนแก่น,สามารถดูรายละเอียดได้ที่ https://admissions.kku.ac.th/tuitionfee/,,20,35,25,20
52,มหาวิทยาลัยขอนแก่น,3. วิศวกรรมเคมี,2. วิศวกรรมศาสตรบัณฑิต (วิศวกรรมเคมี) วิศวกรรมเคมี (ภาษาไทย ปกติ) วิทยาเขต ขอนแก่น,วิศวกรรมศาสตรบัณฑิต (วิศวกรรมเคมี) วิศวกรรมเคมี,Bachelor of Engineering (Chemical Engineering),ภาษาไทย ปกติ,ขอนแก่น,สามารถดูรายละเอียดได้ที่ https://admissions.kku.ac.th/tuitionfee/,,16,50,26,14
53,มหาวิทยาลัยขอนแก่น,4. วิศวกรรมเครื่องกล,1. วิศวกรรมศาสตรบัณฑิต (วิศวกรรมเครื่องกล) วิศวกรรมเครื่องกล (ภาษาไทย ปกติ) วิทยาเขต ขอนแก่น,วิศวกรรมศาสตรบัณฑิต (วิศวกรรมเครื่องกล) วิศวกรรมเครื่องกล,Bachelor of Engineering (Mechanical Engineering),ภาษาไทย ปกติ,ขอนแก่น,สามารถดูรายละเอียดได้ที่ https://admissions.kku.ac.th/tuitionfee/,,30,70,27,4
54,มหาวิทยาลัยขอนแก่น,5. วิศวกรรมซอฟต์แวร์,1. วิศวกรรมศาสตรบัณฑิต (วิศวกรรมสื่อดิจิทัล) หลักสูตรนานาชาติ วิศวกรรมสื่อดิจิทัล หลักสูตรนานาชาติ (นานาชาติ) วิทยาเขต ขอนแก่น,วิศวกรรมศาสตรบัณฑิต (วิศวกรรมสื่อดิจิทัล) หลักสูตรนานาชาติ วิศวกรรมสื่อดิจิทัล หลักสูตรนานาชาติ,Bachelor of Engineering (Digital Media Engineering) International Program,นานาชาติ,ขอนแก่น,สามารถดูรายละเอียดได้ที่ https://admissions.kku.ac.th/tuitionfee/,,25,30,17,5
55,มหาวิทยาลัยขอนแก่น,6. วิศวกรรมไฟฟ้า,1. วิศวกรรมศาสตรบัณฑิต (วิศวกรรมไฟฟ้า) วิศวกรรมไฟฟ้า (ภาษาไทย ปกติ) วิทยาเขต ขอนแก่น,วิศวกรรมศาสตรบัณฑิต (วิศวกรรมไฟฟ้า) วิศวกรรมไฟฟ้า,Bachelor of Engineering (Electrical Engineering),ภาษาไทย ปกติ,ขอนแก่น,สามารถดูรายละเอียดได้ที่ https://admissions.kku.ac.th/tuitionfee/,,12,23,21,0
56,มหาวิทยาลัยขอนแก่น,7. วิศวกรรมไฟฟ้าสื่อสาร วิศวกรรมโทรคมนาคม,1. วิศวกรรมศาสตรบัณฑิต (วิศวกรรมโทรคมนาคม) หลักสูตรนานาชาติ วิศวกรรมโทรคมนาคม หลักสูตรนานาชาติ (นานาชาติ) วิทยาเขต ขอนแก่น,วิศวกรรมศาสตรบัณฑิต (วิศวกรรมโทรคมนาคม) หลักสูตรนานาชาติ วิศวกรรมโทรคมนาคม หลักสูตรนานาชาติ,Bachelor of Engineering (Telecommunications Engineering) International Program,นานาชาติ,ขอนแก่น,สามารถดูรายละเอียดได้ที่ https://admissions.kku.ac.th/tuitionfee/,,28,32,19,17
57,มหาวิทยาลัยขอนแก่น,8. วิศวกรรมโยธา,1. วิศวกรรมศาสตรบัณฑิต (วิศวกรรมโยธา) วิศวกรรมโยธา (ภาษาไทย ปกติ) วิทยาเขต ขอนแก่น,วิศวกรรมศาสตรบัณฑิต (วิศวกรรมโยธา) วิศวกรรมโยธา,Bachelor of Engineering (Civil Engineering),ภาษาไทย ปกติ,ขอนแก่น,สามารถดูรายละเอียดได้ที่ https://admissions.kku.ac.th/tuitionfee/,,24,64,27,0
58,มหาวิทยาลัยขอนแก่น,9. วิศวกรรมระบบวัดคุม วิศวกรรมอัตโนมัติ,1. วิศวกรรมศาสตรบัณฑิต (วิศวกรรมระบบอัตโนมัติ หุ่นยนต์ และปัญญาประดิษฐ์) วิศวกรรมระบบอัตโนมัติ หุ่นยนต์ และปัญญาประดิษฐ์ (ภาษาไทย ปกติ) วิทยาเขต ขอนแก่น,วิศวกรรมศาสตรบัณฑิต (วิศวกรรมระบบอัตโนมัติ หุ่นยนต์ และปัญญาประดิษฐ์) วิศวกรรมระบบอัตโนมัติ หุ่นยนต์ และปัญญาประดิษฐ์,Bachelor of Engineering (Automation Robotics and Intelligent System Engineering),ภาษาไทย ปกติ,ขอนแก่น,สามารถดูรายละเอียดได้ที่ https://admissions.kku.ac.th/tuitionfee/,,35,44,26,16
59,มหาวิทยาลัยขอนแก่น,10. วิศวกรรมโลจิสติกส์,1. วิศวกรรมศาสตรบัณฑิต (วิศวกรรมโลจิสติกส์) หลักสูตรนานาชาติ วิศวกรรมโลจิสติกส์ หลักสูตรนานาชาติ (นานาชาติ) วิทยาเขต ขอนแก่น,วิศวกรรมศาสตรบัณฑิต (วิศวกรรมโลจิสติกส์) หลักสูตรนานาชาติ วิศวกรรมโลจิสติกส์ หลักสูตรนานาชาติ,Bachelor of Engineering (Logistics Engineering) International Program,นานาชาติ,ขอนแก่น,สามารถดูรายละเอียดได้ที่ https://admissions.kku.ac.th/tuitionfee/,,28,31,31,10
60,มหาวิทยาลัยขอนแก่น,11. วิศวกรรมสิ่งแวดล้อม,1. วิศวกรรมศาสตรบัณฑิต (วิศวกรรมสิ่งแวดล้อม) วิศวกรรมสิ่งแวดล้อม (ภาษาไทย ปกติ) วิทยาเขต ขอนแก่น,วิศวกรรมศาสตรบัณฑิต (วิศวกรรมสิ่งแวดล้อม) วิศวกรรมสิ่งแวดล้อม,Bachelor of Engineering (Environmental Engineering),ภาษาไทย ปกติ,ขอนแก่น,สามารถดูรายละเอียดได้ที่ https://admissions.kku.ac.th/tuitionfee/,,22,30,17,0
61,มหาวิทยาลัยขอนแก่น,12. วิศวกรรมอิเล็กทรอนิกส์,1. วิศวกรรมศาสตรบัณฑิต (วิศวกรรมระบบอิเล็กทรอนิกส์) วิศวกรรมระบบอิเล็กทรอนิกส์ (ภาษาไทย ปกติ) วิทยาเขต ขอนแก่น,วิศวกรรมศาสตรบัณฑิต (วิศวกรรมระบบอิเล็กทรอนิกส์) วิศวกรรมระบบอิเล็กทรอนิกส์,Bachelor of Engineering (Electronic Systems Engineering),ภาษาไทย ปกติ,ขอนแก่น,สามารถดูรายละเอียดได้ที่ https://admissions.kku.ac.th/tuitionfee/,,8,25,15,0
62,มหาวิทยาลัยขอนแก่น,13. วิศวกรรมอุตสาหการ,1. วิศวกรรมศาสตรบัณฑิต (วิศวกรรมอุตสาหการ) วิศวกรรมอุตสาหการ (ภาษาไทย ปกติ) วิทยาเขต ขอนแก่น,วิศวกรรมศาสตรบัณฑิต (วิศวกรรมอุตสาหการ) วิศวกรรมอุตสาหการ,Bachelor of Engineering (Industrial Engineering),ภาษาไทย ปกติ,ขอนแก่น,สามารถดูรายละเอียดได้ที่ https://admissions.kku.ac.th/tuitionfee/,,24,40,28,2
63,มหาวิทยาลัยเชียงใหม่,1. วิศวกรรมคอมพิวเตอร์,1. วศ.บ.วิศวกรรมคอมพิวเตอร์ (ภาษาไทย ปกติ) วิทยาเขต วิทยาเขตหลัก,วศ.บ.วิศวกรรมคอมพิวเตอร์,,ภาษาไทย ปกติ,วิทยาเขตหลัก,"184,000",61.50%,70,34,10,0
64,มหาวิทยาลัยเชียงใหม่,1. วิศวกรรมคอมพิวเตอร์,2. วศ.บ.วิศวกรรมคอมพิวเตอร์ (ภาษาไทย พิเศษ) วิทยาเขต วิทยาเขตหลัก,วศ.บ.วิศวกรรมคอมพิวเตอร์,,ภาษาไทย พิเศษ,วิทยาเขตหลัก,"280,000",29.58%,15,10,5,5
65,มหาวิทยาลัยเชียงใหม่,1. วิศวกรรมคอมพิวเตอร์,3. วศ.บ.วิศวกรรมระบบสารสนเทศและเครือข่าย (นานาชาติ) วิทยาเขต วิทยาเขตหลัก,วศ.บ.วิศวกรรมระบบสารสนเทศและเครือข่าย,,นานาชาติ,วิทยาเขตหลัก,"400,000",69.44%,22,25,8,2
66,มหาวิทยาลัยเชียงใหม่,2. วิศวกรรมเครื่องกล,1. วศ.บ.วิศวกรรมเครื่องกล (ภาษาไทย ปกติ) วิทยาเขต วิทยาเขตหลัก,วศ.บ.วิศวกรรมเครื่องกล,,ภาษาไทย ปกติ,วิทยาเขตหลัก,"184,000",51.89%,112,122,45,0
67,มหาวิทยาลัยเชียงใหม่,2. วิศวกรรมเครื่องกล,2. วศ.บ.วิศวกรรมเครื่องกล (ภาษาไทย พิเศษ) วิทยาเขต วิทยาเขตหลัก,วศ.บ.วิศวกรรมเครื่องกล,,ภาษาไทย พิเศษ,วิทยาเขตหลัก,"280,000",21.43%,15,25,15,10
68,มหาวิทยาลัยเชียงใหม่,2. วิศวกรรมเครื่องกล,3. วศ.บ.วิศวกรรมเครื่องกลและการบริหารโครงการวิศวกรรม (นานาชาติ) วิทยาเขต วิทยาเขตหลัก,วศ.บ.วิศวกรรมเครื่องกลและการบริหารโครงการวิศวกรรม,,นานาชาติ,วิทยาเขตหลัก,"400,000",42.86%,24,21,10,5
69,มหาวิทยาลัยเชียงใหม่,3. วิศวกรรมไฟฟ้า,1. วศ.บ.วิศวกรรมไฟฟ้า (ภาษาไทย ปกติ) วิทยาเขต วิทยาเขตหลัก,วศ.บ.วิศวกรรมไฟฟ้า,,ภาษาไทย ปกติ,วิทยาเขตหลัก,"184,000",65.20%,67,62,20,0
70,มหาวิทยาลัยเชียงใหม่,3. วิศวกรรมไฟฟ้า,2. วศ.บ.วิศวกรรมไฟฟ้า (ภาษาไทย พิเศษ) วิทยาเขต วิทยาเขตหลัก,วศ.บ.วิศวกรรมไฟฟ้า,,ภาษาไทย พิเศษ,วิทยาเขตหลัก,"280,000",20.59%,20,25,20,16
71,มหาวิทยาลัยเชียงใหม่,3. วิศวกรรมไฟฟ้า,3. วศ.บ.วิศวกรรมไฟฟ้าและเทคโนโลยีโครงข่ายไฟฟ้าอัจฉริยะ (นานาชาติ) วิทยาเขต วิทยาเขตหลัก,วศ.บ.วิศวกรรมไฟฟ้าและเทคโนโลยีโครงข่ายไฟฟ้าอัจฉริยะ,,นานาชาติ,วิทยาเขตหลัก,"400,000",,0,26,20,10
72,มหาวิทยาลัยเชียงใหม่,4. วิศวกรรมโยธา,1. วศ.บ.วิศวกรรมโยธา (ภาษาไทย ปกติ) วิทยาเขต วิทยาเขตหลัก,วศ.บ.วิศวกรรมโยธา,,ภาษาไทย ปกติ,วิทยาเขตหลัก,"184,000",59.75%,82,77,25,0
73,มหาวิทยาลัยเชียงใหม่,4. วิศวกรรมโยธา,2. วศ.บ.วิศวกรรมโยธา (นานาชาติ) วิทยาเขต วิทยาเขตหลัก,วศ.บ.วิศวกรรมโยธา,,นานาชาติ,วิทยาเขตหลัก,"400,000",,29,29,17,0
74,มหาวิทยาลัยเชียงใหม่,5. วิศวกรรมสิ่งแวดล้อม,1. วศ.บ.วิศวกรรมสิ่งแวดล้อม (ภาษาไทย ปกติ) วิทยาเขต วิทยาเขตหลัก,วศ.บ.วิศวกรรมสิ่งแวดล้อม,,ภาษาไทย ปกติ,วิทยาเขตหลัก,"184,000",42.95%,82,37,5,0
75,มหาวิทยาลัยเชียงใหม่,6. วิศวกรรมหุ่นยนต์,1. วศ.บ.วิศวกรรมหุ่นยนต์และปัญญาประดิษฐ์ (ภาษาไทย ปกติ) วิทยาเขต วิทยาเขตหลัก,วศ.บ.วิศวกรรมหุ่นยนต์และปัญญาประดิษฐ์,,ภาษาไทย ปกติ,วิทยาเขตหลัก,"232,000",,40,25,10,0
76,มหาวิทยาลัยเชียงใหม่,7. วิศวกรรมเหมืองแร่,1. วศ.บ.วิศวกรรมเหมืองแร่ (ภาษาไทย ปกติ) วิทยาเขต วิทยาเขตหลัก,วศ.บ.วิศวกรรมเหมืองแร่,,ภาษาไทย ปกติ,วิทยาเขตหลัก,"184,000",47.71%,41,22,5,0
77,มหาวิทยาลัยเชียงใหม่,8. วิศวกรรมอุตสาหการ,1. วศ.บ.วิศวกรรมอุตสาหการ (ภาษาไทย ปกติ) วิทยาเขต วิทยาเขตหลัก,วศ.บ.วิศวกรรมอุตสาหการ,,ภาษาไทย ปกติ,วิทยาเขตหลัก,"184,000",68.12%,117,102,30,0
78,มหาวิทยาลัยเชียงใหม่,8. วิศวกรรมอุตสาหการ,2. วศ.บ.วิศวกรรมอุตสาหการ (ภาษาไทย พิเศษ) วิทยาเขต วิทยาเขตหลัก,วศ.บ.วิศวกรรมอุตสาหการ,,ภาษาไทย พิเศษ,วิทยาเขตหลัก,"280,000",33.61%,10,20,55,25
79,มหาวิทยาลัยเชียงใหม่,8. วิศวกรรมอุตสาหการ,3. วศ.บ.วิศวกรรมอุตสาหการและการจัดการโลจิสติกส์ (นานาชาติ) วิทยาเขต วิทยาเขตหลัก,วศ.บ.วิศวกรรมอุตสาหการและการจัดการโลจิสติกส์,,นานาชาติ,วิทยาเขตหลัก,"400,000",,26,25,20,5
80,มหาวิทยาลัยเชียงใหม่,9. วิศวกรรมเชิงนวัตกรรม,1. วศ.บ.วิศวกรรมบูรณาการ (ภาษาไทย ปกติ) วิทยาเขต วิทยาเขตหลัก,วศ.บ.วิศวกรรมบูรณาการ,,ภาษาไทย ปกติ,วิทยาเขตหลัก,"184,000",,36,22,5,0
81,มหาวิทยาลัยเทคโนโลยีพระจอมเกล้าธนบุรี,1. วิศวกรรมคอมพิวเตอร์,1. วศ.บ.สาขาวิศวกรรมคอมพิวเตอร์(หลักสูตรนานาชาติ)-วศ.บ.4ปี (นานาชาติ) วิทยาเขต บางมด,วศ.บ.สาขาวิศวกรรมคอมพิวเตอร์(หลักสูตรนานาชาติ)-วศ.บ.4ปี,ComputerEngineering(InternationalProgram)-B.Eng.,นานาชาติ,บางมด,,,27,11,10,0
82,มหาวิทยาลัยเทคโนโลยีพระจอมเกล้าธนบุรี,1. วิศวกรรมคอมพิวเตอร์,2. วศ.บ.สาขาวิศวกรรมคอมพิวเตอร์-วศ.บ.4ปี (ภาษาไทย ปกติ) วิทยาเขต บางมด,วศ.บ.สาขาวิศวกรรมคอมพิวเตอร์-วศ.บ.4ปี,ComputerEngineering-B.Eng.,ภาษาไทย ปกติ,บางมด,,,52,24,10,0
83,มหาวิทยาลัยเทคโนโลยีพระจอมเกล้าธนบุรี,1. วิศวกรรมคอมพิวเตอร์,3. วศ.บ.สาขาวิศวกรรมคอมพิวเตอร์วศ.บ.4ปี(พื้นที่การศึกษาราชบุรี) (ภาษาไทย ปกติ) วิทยาเขต บางมด,วศ.บ.สาขาวิศวกรรมคอมพิวเตอร์วศ.บ.4ปี(พื้นที่การศึกษาราชบุรี),ComputerEngineering-B.Eng.(RajaburiEducationalRegion),ภาษาไทย ปกติ,บางมด,,,21,10,0,0
84,มหาวิทยาลัยเทคโนโลยีพระจอมเกล้าธนบุรี,2. วิศวกรรมเคมี,1. วศ.บ.สาขาวิศวกรรมเคมี-วศ.บ.4ปี (ภาษาไทย ปกติ) วิทยาเขต บางมด,วศ.บ.สาขาวิศวกรรมเคมี-วศ.บ.4ปี,ChemicalEngineering-B.Eng.,ภาษาไทย ปกติ,บางมด,,,54,24,30,3
85,มหาวิทยาลัยเทคโนโลยีพระจอมเกล้าธนบุรี,2. วิศวกรรมเคมี,2. วศ.บ.สาขาวิศวกรรมเคมี(หลักสูตรนานาชาติ)-วศ.บ.4ปี (นานาชาติ) วิทยาเขต บางมด,วศ.บ.สาขาวิศวกรรมเคมี(หลักสูตรนานาชาติ)-วศ.บ.4ปี,ChemicalEngineering(InternationalProgram)-B.Eng.,นานาชาติ,บางมด,,,28,32,35,0
86,มหาวิทยาลัยเทคโนโลยีพระจอมเกล้าธนบุรี,3. วิศวกรรมเครื่องกล,1. วศ.บ.สาขาวิศวกรรมเครื่องกล-วศ.บ.4ปี (ภาษาไทย ปกติ) วิทยาเขต บางมด,วศ.บ.สาขาวิศวกรรมเครื่องกล-วศ.บ.4ปี,MechanicalEngineering-B.Eng.,ภาษาไทย ปกติ,บางมด,,,57,32,10,0
87,มหาวิทยาลัยเทคโนโลยีพระจอมเกล้าธนบุรี,3. วิศวกรรมเครื่องกล,2. วศ.บ.สาขาวิศวกรรมเครื่องกลวศ.บ.4ปี(พื้นที่การศึกษาราชบุรี) (ภาษาไทย ปกติ) วิทยาเขต บางมด,วศ.บ.สาขาวิศวกรรมเครื่องกลวศ.บ.4ปี(พื้นที่การศึกษาราชบุรี),MechanicalEngineering-B.Eng.(RajaburiEducationalRegion),ภาษาไทย ปกติ,บางมด,,,20,11,0,0
88,มหาวิทยาลัยเทคโนโลยีพระจอมเกล้าธนบุรี,3. วิศวกรรมเครื่องกล,3. วศ.บ.สาขาวิศวกรรมยานยนต์-วศ.บ.4ปี (ภาษาไทย ปกติ) วิทยาเขต บางมด,วศ.บ.สาขาวิศวกรรมยานยนต์-วศ.บ.4ปี,AutomotiveEngineering-B.Eng.,ภาษาไทย ปกติ,บางมด,,,53,41,35,0
89,มหาวิทยาลัยเทคโนโลยีพระจอมเกล้าธนบุรี,4. วิศวกรรมไฟฟ้า,1. วศ.บ.สาขาวิศวกรรมไฟฟ้า-วศ.บ.4ปี (ภาษาไทย ปกติ) วิทยาเขต บางมด,วศ.บ.สาขาวิศวกรรมไฟฟ้า-วศ.บ.4ปี,ElectricalEngineering-B.Eng.,ภาษาไทย ปกติ,บางมด,,,53,36,29,0
90,มหาวิทยาลัยเทคโนโลยีพระจอมเกล้าธนบุรี,4. วิศวกรรมไฟฟ้า,2. วศ.บ.สาขาวิศวกรรมไฟฟ้า(ระบบไฟฟ้าอิเล็กทรอนิกส์กำลังและพลังงาน)-วศ.บ.4ปี (ภาษาไทย ปกติ) วิทยาเขต บางมด,วศ.บ.สาขาวิศวกรรมไฟฟ้า(ระบบไฟฟ้าอิเล็กทรอนิกส์กำลังและพลังงาน)-วศ.บ.4ปี,ElectricalEngineering(PowerSystemPowerElectronicsandEnergy)-B.Eng.,ภาษาไทย ปกติ,บางมด,,,27,22,10,0
91,มหาวิทยาลัยเทคโนโลยีพระจอมเกล้าธนบุรี,5. วิศวกรรมโยธา,1. วศ.บ.สาขาวิศวกรรมโยธา(หลักสูตรนานาชาติ)-วศ.บ.4ปี (นานาชาติ) วิทยาเขต บางมด,วศ.บ.สาขาวิศวกรรมโยธา(หลักสูตรนานาชาติ)-วศ.บ.4ปี,CivilEngineering(InternationalProgram)-B.Eng.,นานาชาติ,บางมด,,,66,42,20,0
92,มหาวิทยาลัยเทคโนโลยีพระจอมเกล้าธนบุรี,5. วิศวกรรมโยธา,2. วศ.บ.สาขาวิศวกรรมโยธา-วศ.บ.4ปี (ภาษาไทย ปกติ) วิทยาเขต บางมด,วศ.บ.สาขาวิศวกรรมโยธา-วศ.บ.4ปี,CivilEngineering-B.Eng.,ภาษาไทย ปกติ,บางมด,,,67,13,5,0
93,มหาวิทยาลัยเทคโนโลยีพระจอมเกล้าธนบุรี,6. วิศวกรรมระบบวัดคุม วิศวกรรมอัตโนมัติ,1. วศ.บ.สาขาวิศวกรรมอัตโนมัติ(หลักสูตรนานาชาติ)-วศ.บ.4ปี (นานาชาติ) วิทยาเขต บางมด,วศ.บ.สาขาวิศวกรรมอัตโนมัติ(หลักสูตรนานาชาติ)-วศ.บ.4ปี,AutomationEngineering(InternationalProgram)-B.Eng.,นานาชาติ,บางมด,,,32,27,25,19
94,มหาวิทยาลัยเทคโนโลยีพระจอมเกล้าธนบุรี,6. วิศวกรรมระบบวัดคุม วิศวกรรมอัตโนมัติ,2. วศ.บ.สาขาวิศวกรรมอัตโนมัติ(หลักสูตรนานาชาติ)-วศ.บ.4ปี-KOSEN (นานาชาติ) วิทยาเขต บางมด,วศ.บ.สาขาวิศวกรรมอัตโนมัติ(หลักสูตรนานาชาติ)-วศ.บ.4ปี-KOSEN,AutomationEngineering(InternationalProgram)-B.Eng.,นานาชาติ,บางมด,,,50,0,0,0
95,มหาวิทยาลัยเทคโนโลยีพระจอมเกล้าธนบุรี,6. วิศวกรรมระบบวัดคุม วิศวกรรมอัตโนมัติ,3. วศ.บ.สาขาวิศวกรรมระบบควบคุมและเครื่องมือวัด-วศ.บ.4ปี (ภาษาไทย ปกติ) วิทยาเขต บางมด,วศ.บ.สาขาวิศวกรรมระบบควบคุมและเครื่องมือวัด-วศ.บ.4ปี,ControlSystemandInstrumentationEngineering-B.Eng.,ภาษาไทย ปกติ,บางมด,,,30,19,8,0
96,มหาวิทยาลัยเทคโนโลยีพระจอมเกล้าธนบุรี,6. วิศวกรรมระบบวัดคุม วิศวกรรมอัตโนมัติ,4. วศ.บ.สาขาวิศวกรรมระบบควบคุมและเครื่องมือวัด(สหกิจศึกษา)-วศ.บ.4ปี (ภาษาไทย ปกติ) วิทยาเขต บางมด,วศ.บ.สาขาวิศวกรรมระบบควบคุมและเครื่องมือวัด(สหกิจศึกษา)-วศ.บ.4ปี,ControlSystemsandInstrumentationEngineering(Co-operativeEducation)-B.Eng.,ภาษาไทย ปกติ,บางมด,,,30,35,35,26
97,มหาวิทยาลัยเทคโนโลยีพระจอมเกล้าธนบุรี,7. วิศวกรรมวัสดุ,1. วศ.บ.สาขาวิศวกรรมวัสดุ-วศ.บ.4ปี (ภาษาไทย ปกติ) วิทยาเขต บางมด,วศ.บ.สาขาวิศวกรรมวัสดุ-วศ.บ.4ปี,MaterialsEngineering-B.Eng.,ภาษาไทย ปกติ,บางมด,,,29,43,30,5
98,มหาวิทยาลัยเทคโนโลยีพระจอมเกล้าธนบุรี,7. วิศวกรรมวัสดุ,2. วศ.บ.สาขาวิศวกรรมเครื่องมือ-วศ.บ.4ปี (ภาษาไทย ปกติ) วิทยาเขต บางมด,วศ.บ.สาขาวิศวกรรมเครื่องมือ-วศ.บ.4ปี,ToolEngineering-B.Eng.,ภาษาไทย ปกติ,บางมด,,,34,54,45,0
99,มหาวิทยาลัยเทคโนโลยีพระจอมเกล้าธนบุรี,7. วิศวกรรมวัสดุ,3. วศ.บ. วิศวกรรมการผลิตชิ้นส่วนยานยนต์และอากาศยานสมัยใหม่ - วศ.บ. 4 ปี (ภาษาไทย ปกติ) วิทยาเขต บางมด,วศ.บ. วิศวกรรมการผลิตชิ้นส่วนยานยนต์และอากาศยานสมัยใหม่ - วศ.บ. 4 ปี,Modern Automotive and Aerospace Parts Manufacturing Engineering - B.Eng.,ภาษาไทย ปกติ,บางมด,,,27,21,20,0
100,มหาวิทยาลัยเทคโนโลยีพระจอมเกล้าธนบุรี,8. วิศวกรรมสิ่งแวดล้อม,1. วศ.บ.สาขาวิศวกรรมสิ่งแวดล้อม(หลักสูตรนานาชาติ)-วศ.บ.4ปี (นานาชาติ) วิทยาเขต บางมด,วศ.บ.สาขาวิศวกรรมสิ่งแวดล้อม(หลักสูตรนานาชาติ)-วศ.บ.4ปี,EnviromentalEngineering(InternationalProgram)-B.Eng.,นานาชาติ,บางมด,,,28,38,15,26
101,มหาวิทยาลัยเทคโนโลยีพระจอมเกล้าธนบุรี,8. วิศวกรรมสิ่งแวดล้อม,2. วศ.บ.สาขาวิศวกรรมสิ่งแวดล้อม-วศ.บ.4ปี (ภาษาไทย ปกติ) วิทยาเขต บางมด,วศ.บ.สาขาวิศวกรรมสิ่งแวดล้อม-วศ.บ.4ปี,EnvironmentalEngineering-B.Eng.,ภาษาไทย ปกติ,บางมด,,,29,20,2,0
102,มหาวิทยาลัยเทคโนโลยีพระจอมเกล้าธนบุรี,9. วิศวกรรมอิเล็กทรอนิกส์,1. วศ.บ.วิศวกรรมอิเล็กทรอนิกส์และสารสนเทศสื่อสาร(หลักสูตรนานาชาติ)-วศ.บ.4ปี (นานาชาติ) วิทยาเขต บางมด,วศ.บ.วิศวกรรมอิเล็กทรอนิกส์และสารสนเทศสื่อสาร(หลักสูตรนานาชาติ)-วศ.บ.4ปี,Electronic and Infocommunication Engineering (International Program) - B.Eng.,นานาชาติ,บางมด,,,28,63,30,0
103,มหาวิทยาลัยเทคโนโลยีพระจอมเกล้าธนบุรี,9. วิศวกรรมอิเล็กทรอนิกส์,2. วศ.บ.สาขาวิศวกรรมไฟฟ้าสื่อสารและอิเล็กทรอนิกส์-วศ.บ.4ปี (ภาษาไทย ปกติ) วิทยาเขต บางมด,วศ.บ.สาขาวิศวกรรมไฟฟ้าสื่อสารและอิเล็กทรอนิกส์-วศ.บ.4ปี,ElectricalCommunicationandElectronicEngineering-B.Eng.,ภาษาไทย ปกติ,บางมด,,,61,28,4,0
104,มหาวิทยาลัยเทคโนโลยีพระจอมเกล้าธนบุรี,10. วิศวกรรมอุตสาหการ,1. วศ.บ.สาขาวิศวกรรมอุตสาหการ-วศ.บ.4ปี (ภาษาไทย ปกติ) วิทยาเขต บางมด,วศ.บ.สาขาวิศวกรรมอุตสาหการ-วศ.บ.4ปี,ProductionEngineering-B.Eng.,ภาษาไทย ปกติ,บางมด,,,57,45,13,0
105,มหาวิทยาลัยเทคโนโลยีพระจอมเกล้าธนบุรี,10. วิศวกรรมอุตสาหการ,2. วศ.บ.สาขาวิศวกรรมเมคคาทรอนิกส์-วศ.บ.4ปี (ภาษาไทย ปกติ) วิทยาเขต บางมด,วศ.บ.สาขาวิศวกรรมเมคคาทรอนิกส์-วศ.บ.4ปี,MechatronicEngineering-B.Eng.,ภาษาไทย ปกติ,บางมด,,,29,17,4,0
106,มหาวิทยาลัยเทคโนโลยีพระจอมเกล้าพระนครเหนือ,1. วิศวกรรมการผลิต,1. วศ.บ.วิศวกรรมการผลิต (ภาษาไทย ปกติ) วิทยาเขต กรุงเทพฯ,วศ.บ.วิศวกรรมการผลิต,Bachelor of Engineering Program in Production Engineering,ภาษาไทย ปกติ,กรุงเทพฯ,"25,000 ต่อภาคเรียน",,67,64,30,21
107,มหาวิทยาลัยเทคโนโลยีพระจอมเกล้าพระนครเหนือ,2. วิศวกรรมคอมพิวเตอร์,1. วศ.บ.วิศวกรรมคอมพิวเตอร์ (ภาษาไทย ปกติ) วิทยาเขต กรุงเทพฯ,วศ.บ.วิศวกรรมคอมพิวเตอร์,Bachelor of Engineering Program in Computer Engineering,ภาษาไทย ปกติ,กรุงเทพฯ,"25,000 ต่อภาคเรียน",,30,23,5,0
108,มหาวิทยาลัยเทคโนโลยีพระจอมเกล้าพระนครเหนือ,3. วิศวกรรมเคมี,1. วศ.บ.วิศวกรรมเคมี (ภาษาไทย ปกติ) วิทยาเขต กรุงเทพฯ,วศ.บ.วิศวกรรมเคมี,Bachelor of Engineering Program in Chemical Engineering,ภาษาไทย ปกติ,กรุงเทพฯ,"25,000 ต่อภาคเรียน",,40,23,20,0
109,มหาวิทยาลัยเทคโนโลยีพระจอมเกล้าพระนครเหนือ,4. วิศวกรรมเครื่องกล,1. วศ.บ.วิศวกรรมเครื่องกล (ภาษาไทย ปกติ) วิทยาเขต กรุงเทพฯ,วศ.บ.วิศวกรรมเครื่องกล,Bachelor of Engineering Program in Mechanical Engineering,ภาษาไทย ปกติ,กรุงเทพฯ,"25,000 ต่อภาคเรียน",,80,19,25,0
110,มหาวิทยาลัยเทคโนโลยีพระจอมเกล้าพระนครเหนือ,4. วิศวกรรมเครื่องกล,2. วศ.บ.วิศวกรรมเครื่องกล เพื่อการออกแบบและนวัตกรรม (หลักสูตรนานาชาติ) (นานาชาติ) วิทยาเขต กรุงเทพฯ,วศ.บ.วิศวกรรมเครื่องกล เพื่อการออกแบบและนวัตกรรม (หลักสูตรนานาชาติ),Bachelor of Engineering Program in Mechanical Engineering for Design and Innovation (International Program),นานาชาติ,กรุงเทพฯ,"60,000 ต่อภาคเรียน",,34,10,30,30
111,มหาวิทยาลัยเทคโนโลยีพระจอมเกล้าพระนครเหนือ,4. วิศวกรรมเครื่องกล,3. วศ.บ.วิศวกรรมขนถ่ายวัสดุ (ภาษาไทย ปกติ) วิทยาเขต กรุงเทพฯ,วศ.บ.วิศวกรรมขนถ่ายวัสดุ,Bachelor of Engineering Program in Materials Handing Engineering,ภาษาไทย ปกติ,กรุงเทพฯ,"25,000 ต่อภาคเรียน",,34,23,15,0
112,มหาวิทยาลัยเทคโนโลยีพระจอมเกล้าพระนครเหนือ,5. วิศวกรรมพลังงาน,1. วศ.บ.วิศวกรรมไฟฟ้าอุตสาหกรรมและพลังงาน (ภาษาไทย ปกติ) วิทยาเขต กรุงเทพฯ,วศ.บ.วิศวกรรมไฟฟ้าอุตสาหกรรมและพลังงาน,Bachelor of Engineering Program in Industrial Electrical and Energy Engineering,ภาษาไทย ปกติ,กรุงเทพฯ,"25,000 ต่อภาคเรียน",,26,23,10,0
113,มหาวิทยาลัยเทคโนโลยีพระจอมเกล้าพระนครเหนือ,5. วิศวกรรมพลังงาน,2. วศ.บ.วิศวกรรมไฟฟ้าอุตสาหกรรมและพลังงาน (ภาษาไทย พิเศษ) วิทยาเขต กรุงเทพฯ,วศ.บ.วิศวกรรมไฟฟ้าอุตสาหกรรมและพลังงาน,Bachelor of Engineering Program in Industrial Electrical and Energy Engineering,ภาษาไทย พิเศษ,กรุงเทพฯ,"30,000 ต่อภาคเรียน",,0,30,5,3
114,มหาวิทยาลัยเทคโนโลยีพระจอมเกล้าพระนครเหนือ,6. วิศวกรรมไฟฟ้า,1. วศ.บ.วิศวกรรมไฟฟ้า สาขาวิชาวิศวกรรมไฟฟ้ากำลัง/วิศวกรรมควบคุมอัตโนมัติ (ภาษาไทย ปกติ) วิทยาเขต กรุงเทพฯ,วศ.บ.วิศวกรรมไฟฟ้า,Bachelor of Engineering Program in Electrical Engineering,ภาษาไทย ปกติ,กรุงเทพฯ,"25,000 ต่อภาคเรียน",,55,33,30,0
115,มหาวิทยาลัยเทคโนโลยีพระจอมเกล้าพระนครเหนือ,6. วิศวกรรมไฟฟ้า,2. วศ.บ.วิศวกรรมไฟฟ้า สาขาวิชาวิศวกรรมโทรคมนาคม (ภาษาไทย ปกติ) วิทยาเขต กรุงเทพฯ,วศ.บ.วิศวกรรมไฟฟ้า,Bachelor of Engineering Program in Electrical Engineering,ภาษาไทย ปกติ,กรุงเทพฯ,"25,000 ต่อภาคเรียน",,30,13,25,0
116,มหาวิทยาลัยเทคโนโลยีพระจอมเกล้าพระนครเหนือ,6. วิศวกรรมไฟฟ้า,3. วศ.บ.วิศวกรรมไฟฟ้า(หลักสูตรภาษาอังกฤษ) (ภาษาต่างประเทศ) วิทยาเขต กรุงเทพฯ,วศ.บ.วิศวกรรมไฟฟ้า(หลักสูตรภาษาอังกฤษ),Bachelor of Engineering Program in Electrical Engineering (EnglishProgram),ภาษาต่างประเทศ,กรุงเทพฯ,"60,000 ต่อภาคเรียน",,35,25,35,0
117,มหาวิทยาลัยเทคโนโลยีพระจอมเกล้าพระนครเหนือ,7. วิศวกรรมโยธา,1. วศ.บ.วิศวกรรมโยธา (ภาษาไทย ปกติ) วิทยาเขต กรุงเทพฯ,วศ.บ.วิศวกรรมโยธา,Bachelor of Engineering Program in Civil Engineering,ภาษาไทย ปกติ,กรุงเทพฯ,"25,000 ต่อภาคเรียน",,55,33,0,0
118,มหาวิทยาลัยเทคโนโลยีพระจอมเกล้าพระนครเหนือ,7. วิศวกรรมโยธา,2. วศ.บ.วิศวกรรมโยธา (ภาษาไทย พิเศษ) วิทยาเขต กรุงเทพฯ,วศ.บ.วิศวกรรมโยธา,Bachelor of Engineering Program in Civil Engineering,ภาษาไทย พิเศษ,กรุงเทพฯ,"30,000 ต่อภาคเรียน",,0,0,40,20
119,มหาวิทยาลัยเทคโนโลยีพระจอมเกล้าพระนครเหนือ,8. วิศวกรรมโลจิสติกส์,1. วศ.บ.วิศวกรรมโลจิสติกส์ (ภาษาไทย ปกติ) วิทยาเขต กรุงเทพฯ,วศ.บ.วิศวกรรมโลจิสติกส์,Bachelor of Engineering Program in Logistics Engineering,ภาษาไทย ปกติ,กรุงเทพฯ,"25,000 ต่อภาคเรียน",,39,23,15,0
120,มหาวิทยาลัยเทคโนโลยีพระจอมเกล้าพระนครเหนือ,8. วิศวกรรมโลจิสติกส์,2. วศ.บ.วิศวกรรมโลจิสติกส์ (ภาษาไทย พิเศษ) วิทยาเขต กรุงเทพฯ,วศ.บ.วิศวกรรมโลจิสติกส์,Bachelor of Engineering Program in Logistics Engineering,ภาษาไทย พิเศษ,กรุงเทพฯ,"30,000 ต่อภาคเรียน",,34,20,15,0
121,มหาวิทยาลัยเทคโนโลยีพระจอมเกล้าพระนครเหนือ,9. วิศวกรรมวัสดุ,1. วศ.บ.วิศวกรรมวัสดุ (ภาษาไทย ปกติ) วิทยาเขต กรุงเทพฯ,วศ.บ.วิศวกรรมวัสดุ,Bachelor of Engineering Program in Materials Engineering,ภาษาไทย ปกติ,กรุงเทพฯ,"25,000 ต่อภาคเรียน",,72,68,30,20
122,มหาวิทยาลัยเทคโนโลยีพระจอมเกล้าพระนครเหนือ,9. วิศวกรรมวัสดุ,2. วศ.บ.วิศวกรรมวัสดุเชิงนวัตกรรม(หลักสูตรนานาชาติ) (นานาชาติ) วิทยาเขต กรุงเทพฯ,วศ.บ.วิศวกรรมวัสดุเชิงนวัตกรรม(หลักสูตรนานาชาติ),Bachelor of Engineering Program in Innovative Materials Engineering (International Program),นานาชาติ,กรุงเทพฯ,"60,000 ต่อภาคเรียน",,20,0,0,0
123,มหาวิทยาลัยเทคโนโลยีพระจอมเกล้าพระนครเหนือ,10. วิศวกรรมหุ่นยนต์,1. วศ.บ.วิศวกรรมหุ่นยนต์และระบบอัตโนมัติ(หลักสูตรภาษาอังกฤษ) (ภาษาต่างประเทศ) วิทยาเขต กรุงเทพฯ,วศ.บ.วิศวกรรมหุ่นยนต์และระบบอัตโนมัติ(หลักสูตรภาษาอังกฤษ),Bachelor of Engineering Program in Robotic Engineering and Automation System (English Program),ภาษาต่างประเทศ,กรุงเทพฯ,"60,000 ต่อภาคเรียน",,41,20,10,17
124,มหาวิทยาลัยเทคโนโลยีพระจอมเกล้าพระนครเหนือ,11. วิศวกรรมอากาศยาน,1. วศ.บ.วิศวกรรมการบินและอวกาศ (ภาษาไทย ปกติ) วิทยาเขต กรุงเทพฯ,วศ.บ.วิศวกรรมการบินและอวกาศ,Bachelor of Engineering Program in Aerospace Engineering,ภาษาไทย ปกติ,กรุงเทพฯ,"25,000 ต่อภาคเรียน",,42,9,25,0
125,มหาวิทยาลัยเทคโนโลยีพระจอมเกล้าพระนครเหนือ,11. วิศวกรรมอากาศยาน,2. วศ.บ.วิศวกรรมการบินและอวกาศ(หลักสูตรนานาชาติ) (นานาชาติ) วิทยาเขต กรุงเทพฯ,วศ.บ.วิศวกรรมการบินและอวกาศ(หลักสูตรนานาชาติ),Bachelor of Engineering Program in Aerospace Engineering (International Program),นานาชาติ,กรุงเทพฯ,"60,000 ต่อภาคเรียน",,34,10,30,30
126,มหาวิทยาลัยเทคโนโลยีพระจอมเกล้าพระนครเหนือ,12. วิศวกรรมอุตสาหการ,1. วศ.บ.วิศวกรรมอุตสาหการ (ภาษาไทย ปกติ) วิทยาเขต กรุงเทพฯ,วศ.บ.วิศวกรรมอุตสาหการ,Bachelor of Engineering Program in Industrial Engineering,ภาษาไทย ปกติ,กรุงเทพฯ,"25,000 ต่อภาคเรียน",,53,38,10,21
127,มหาวิทยาลัยเทคโนโลยีพระจอมเกล้าพระนครเหนือ,13. วิศวกรรมระบบวัดคุม วิศวกรรมอัตโนมัติ,1. วศ.บ.วิศวกรรมเครื่องมือวัดและอัตโนมัติ (ภาษาไทย ปกติ) วิทยาเขต ปราจีนบุรี,วศ.บ.วิศวกรรมเครื่องมือวัดและอัตโนมัติ,Bachelor of Engineering Program in Instrumentation System Engineering,ภาษาไทย ปกติ,ปราจีนบุรี,"25,000 ต่อภาคเรียน",,41,28,10,5
128,มหาวิทยาลัยทักษิณ,1. วิศวกรรมเครื่องกล,1. วิศวกรรมศาสตรบัณฑิต สาขาวิชาวิศวกรรมเครื่องกล (ภาษาไทย ปกติ) วิทยาเขต พัทลุง,วิศวกรรมศาสตรบัณฑิต สาขาวิชาวิศวกรรมเครื่องกล,Bachelor of Engineering Program in Mechanical Engineering,ภาษาไทย ปกติ,พัทลุง,"18,000 บาท ต่อภาคเรียน",,36,16,20,5
129,มหาวิทยาลัยทักษิณ,2. วิศวกรรมเมคคาทรอนิกส์,1. วิศวกรรมศาสตรบัณฑิต สาขาวิชาวิศวกรรมเมคคาทรอนิกส์ (ภาษาไทย ปกติ) วิทยาเขต พัทลุง,วิศวกรรมศาสตรบัณฑิต สาขาวิชาวิศวกรรมเมคคาทรอนิกส์,Bachelor of Engineering Program in Mechatronics Engineering,ภาษาไทย ปกติ,พัทลุง,"18,000 บาท ต่อภาคเรียน",,36,16,40,5
130,มหาวิทยาลัยทักษิณ,3. วิศวกรรมวัสดุ,1. วิศวกรรมศาสตรบัณฑิต สาขาวิชาวิศวกรรมยางและพอลิเมอร์ (ภาษาไทย ปกติ) วิทยาเขต พัทลุง,วิศวกรรมศาสตรบัณฑิต สาขาวิชาวิศวกรรมยางและพอลิเมอร์,Bachelor of Engineering Program in Rubber and Polymer Engineering,ภาษาไทย ปกติ,พัทลุง,"18,000 บาท ต่อภาคเรียน",,36,16,40,5
131,มหาวิทยาลัยธรรมศาสตร์,1. วิศวกรรมทั่วไป,1. วิศวกรรมศาสตรบัณฑิต (หลักสูตรนานาชาติ) (หลักสูตรสองสถาบัน) (TEP) (นานาชาติ) วิทยาเขต ศูนย์รังสิต,วิศวกรรมศาสตรบัณฑิต (หลักสูตรนานาชาติ) (หลักสูตรสองสถาบัน) (TEP),Bachelor of Engineering Program (International Program)(Twinning Program),นานาชาติ,ศูนย์รังสิต,"ที่มหาวิทยาลัยธรรมศาสตร์ (รวม 5 ภาคเรียน) 90,000 ต่อภาคเรียน ที่มหาวิทยาลัยแห่งนอตติงแฮมประมาณ 19, 875 ปอนด์ ต่อปีการศึกษา ที่มหาวิทยาลัยแห่งนิวเซาท์เวลส์ ประมาณ 49,960 เหรียญออสเตรเลีย ต่อปีการศึกษา ที่มหาวิทยาลัย KU Leuven ประมาณ 6,600 ยูโร ต่อปีการศึกษา",ร้อยละ 80,105,20,0,70
132,มหาวิทยาลัยธรรมศาสตร์,2. วิศวกรรมคอมพิวเตอร์,1. วศ.บ.สาขาวิชาวิศกรรมคอมพิวเตอร์ (ภาษาไทย ปกติ) วิทยาเขต ศูนย์รังสิต,วศ.บ.สาขาวิชาวิศกรรมคอมพิวเตอร์,Bachelor of Engineering Program in Computer Engineering,ภาษาไทย ปกติ,ศูนย์รังสิต,"18,200 บาท ต่อภาคเรียน",ร้อยละ 74.00,17,23,30,0
133,มหาวิทยาลัยธรรมศาสตร์,3. วิศวกรรมเคมี,1. วศ.บ.สาขาวิชาวิศวกรรมเคมี (ภาษาไทย ปกติ) วิทยาเขต ศูนย์รังสิต,วศ.บ.สาขาวิชาวิศวกรรมเคมี,Bachelor of Engineering Program in Chemical Engineering,ภาษาไทย ปกติ,ศูนย์รังสิต,"18,200 บาท ต่อภาคเรียน",ร้อยละ 74.00,37,22,60,0
134,มหาวิทยาลัยธรรมศาสตร์,3. วิศวกรรมเคมี,2. หลักสูตร วศ.บ.สาขาวิชาวิศวกรรมเคมีและการจัดการ (หลักสูตรนานาชาติ) (TEPE) (นานาชาติ) วิทยาเขต ศูนย์รังสิต,หลักสูตร วศ.บ.สาขาวิชาวิศวกรรมเคมีและการจัดการ (หลักสูตรนานาชาติ) (TEPE),Bachelor of Engineering Programe in Chemical Engineering (International Program),นานาชาติ,ศูนย์รังสิต,"90,000 บาท ต่อภาคเรียน",ร้อยละ 80,12,2,0,16
135,มหาวิทยาลัยธรรมศาสตร์,4. วิศวกรรมเครื่องกล,1. วศ.บ.สาขาวิชาวิศกรรมเครื่องกล (ภาษาไทย ปกติ) วิทยาเขต ศูนย์รังสิต,วศ.บ.สาขาวิชาวิศกรรมเครื่องกล,Bachelor of Engineering Program in Mechanical Engineering,ภาษาไทย ปกติ,ศูนย์รังสิต,"18,200 บาท ต่อภาคเรียน",ร้อยละ 74.00,37,22,35,0
136,มหาวิทยาลัยธรรมศาสตร์,4. วิศวกรรมเครื่องกล,2. หลักสูตร วศ.บ.สาขาวิชาวิศวกรรมเครื่องกลและการจัดการอุตสาหกรรม (หลักสูตรนานาชาติ) (TEPE) (นานาชาติ) วิทยาเขต ศูนย์รังสิต,หลักสูตร วศ.บ.สาขาวิชาวิศวกรรมเครื่องกลและการจัดการอุตสาหกรรม (หลักสูตรนานาชาติ) (TEPE),Bachelor of Engineering Programe in Mechanical Engineering/Industrial Engineering (International Program),นานาชาติ,ศูนย์รังสิต,"90,000 บาท ต่อภาคเรียน",ร้อยละ 80,12,2,0,6
137,มหาวิทยาลัยธรรมศาสตร์,5. วิศวกรรมซอฟต์แวร์,1. วศ.บ.สาขาวิชาวิศวกรรมซอฟต์แวร์ (โครงการพิเศษ) (ภาษาไทย พิเศษ) วิทยาเขต ศูนย์รังสิต,วศ.บ.สาขาวิชาวิศวกรรมซอฟต์แวร์ (โครงการพิเศษ),Bachelor of Engineering Program in Software Engineering,ภาษาไทย พิเศษ,ศูนย์รังสิต,"52,000 บาท ต่อภาคเรียน",ร้อยละ 70,38,7,30,0
138,มหาวิทยาลัยธรรมศาสตร์,6. วิศวกรรมไฟฟ้า,1. วศ.บ.สาขาวิชาวิศวกรรมไฟฟ้า (ภาษาไทย ปกติ) วิทยาเขต ศูนย์รังสิต,วศ.บ.สาขาวิชาวิศวกรรมไฟฟ้า,Bachelor of Engineering Program in Electrical Engineering,ภาษาไทย ปกติ,ศูนย์รังสิต,"18,200 บาท ต่อภาคเรียน",ร้อยละ 74.00,37,22,60,0
139,มหาวิทยาลัยธรรมศาสตร์,6. วิศวกรรมไฟฟ้า,2. วศ.บ.สาขาวิชาวิศวกรรมไฟฟ้าและการจัดการอุตสาหกรรม (โครงการพิเศษ) (ภาษาไทย พิเศษ) วิทยาเขต ศูนย์รังสิต,วศ.บ.สาขาวิชาวิศวกรรมไฟฟ้าและการจัดการอุตสาหกรรม (โครงการพิเศษ),Bachelor of Engineering Program in Industrial Electrical Engineering,ภาษาไทย พิเศษ,ศูนย์รังสิต,"57,000 บาท ต่อภาคเรียน",ร้อยละ 70,38,7,30,0
140,มหาวิทยาลัยธรรมศาสตร์,6. วิศวกรรมไฟฟ้า,3. หลักสูตร วศ.บ.สาขาวิชาวิศวกรรมไฟฟ้าและข้อมูล (หลักสูตรนานาชาติ) (TEPE) (นานาชาติ) วิทยาเขต ศูนย์รังสิต,หลักสูตร วศ.บ.สาขาวิชาวิศวกรรมไฟฟ้าและข้อมูล (หลักสูตรนานาชาติ) (TEPE),Bachelor of Engineering Programe in Electrical Engineering (International Program),นานาชาติ,ศูนย์รังสิต,"90,000 บาท ต่อภาคเรียน",ร้อยละ 80,14,3,0,13
141,มหาวิทยาลัยธรรมศาสตร์,7. วิศวกรรมโยธา,1. วศ.บ.สาขาวิชาวิศวกรรมโยธา (ภาษาไทย ปกติ) วิทยาเขต ศูนย์รังสิต,วศ.บ.สาขาวิชาวิศวกรรมโยธา,Bachelor of Engineering Program in Electrical Engineering,ภาษาไทย ปกติ,ศูนย์รังสิต,"18,200 บาท ต่อภาคเรียน",ร้อยละ 74.00,37,23,40,0
142,มหาวิทยาลัยธรรมศาสตร์,7. วิศวกรรมโยธา,2. วศ.บ.สาขาวิชาวิศวกรรมโยธาและการบริหารการก่อสร้าง (โครงการพิเศษ) (ภาษาไทย พิเศษ) วิทยาเขต ศูนย์รังสิต,วศ.บ.สาขาวิชาวิศวกรรมโยธาและการบริหารการก่อสร้าง (โครงการพิเศษ),Bachelor of Engineering Program in Civil Engineeringand Construction Management,ภาษาไทย พิเศษ,ศูนย์รังสิต,"57,000 บาท ต่อภาคเรียน",ร้อยละ 70,38,7,20,0
143,มหาวิทยาลัยธรรมศาสตร์,7. วิศวกรรมโยธา,3. หลักสูตร วศ.บ.สาขาวิชาวิศวกรรมโยธาและการพัฒนาอสังหาริมทรัพย์ (หลักสูตรนานาชาติ) (TEPE) (นานาชาติ) วิทยาเขต ศูนย์รังสิต,หลักสูตร วศ.บ.สาขาวิชาวิศวกรรมโยธาและการพัฒนาอสังหาริมทรัพย์ (หลักสูตรนานาชาติ) (TEPE),Bachelor of Engineering Programe in Civil Engineering (International Program),นานาชาติ,ศูนย์รังสิต,"90,000 บาท ต่อภาคเรียน",ร้อยละ 80,12,2,0,6
144,มหาวิทยาลัยธรรมศาสตร์,8. วิศวกรรมอุตสาหการ,1. วศ.บ.สาขาวิชาวิศกรรมอุตสาหการ (ภาษาไทย ปกติ) วิทยาเขต ศูนย์รังสิต,วศ.บ.สาขาวิชาวิศกรรมอุตสาหการ,Bachelor of Engineering Program in Industrial Engineering,ภาษาไทย ปกติ,ศูนย์รังสิต,"18,200 บาท ต่อภาคเรียน",ร้อยละ 74.00,37,22,50,0
145,มหาวิทยาลัยธรรมศาสตร์,9. วิศวกรรมยานยนต์,1. วศ.บ.สาขาวิชาวิศวกรรมยานยนต์และระบบอัตโนมัติ (ศึกษาที่ มธ.ศูนย์พัทยา) (โครงการพิเศษ) (V-TECH) (ภาษาไทย พิเศษ) วิทยาเขต ศูนย์พัทยา,วศ.บ.สาขาวิชาวิศวกรรมยานยนต์และระบบอัตโนมัติ (ศึกษาที่ มธ.ศูนย์พัทยา) (โครงการพิเศษ) (V-TECH),Bachelor of Engineering Program in Vehicle Technology Engineering,ภาษาไทย พิเศษ,ศูนย์พัทยา,"32,400 บาท ต่อภาคเรียน",,30,10,37,0
146,มหาวิทยาลัยนครพนม,1. วิศวกรรมคอมพิวเตอร์,1. วิศวกรรมศาสตรบัณฑิต สาขาวิชาสาขาวิชาวิศวกรรมคอมพิวเตอร์ (ภาษาไทย ปกติ),วิศวกรรมศาสตรบัณฑิต,Bachelor of Engineering Program in Computer Engineering,ภาษาไทย ปกติ,วิทยาเขตหลัก,"อัตราค่าเล่าเรียน โดยประมาณ 72,200 บาท ตลอดหลักสูตร",อัตราการจบการศึกษา ร้อยละ 80,40,40,40,0
147,มหาวิทยาลัยนครพนม,2. วิศวกรรมเครื่องกล,1. วิศวกรรมศาสตรบัณฑิต สาขาวิชาสาขาวิชาวิศวกรรมเครื่องกล (ภาษาไทย ปกติ),วิศวกรรมศาสตรบัณฑิต,Bachelor of Engineering Program in Mechanical Engineering,ภาษาไทย ปกติ,วิทยาเขตหลัก,"อัตราค่าเล่าเรียน โดยประมาณ 72,200 บาท ตลอดหลักสูตร",อัตราการจบการศึกษา ร้อยละ 80,40,40,40,0
148,มหาวิทยาลัยนครพนม,3. วิศวกรรมไฟฟ้า,1. วิศวกรรมศาสตรบัณฑิต สาขาวิชาสาขาวิชาวิศวกรรมไฟฟ้า (ภาษาไทย ปกติ),วิศวกรรมศาสตรบัณฑิต,Bachelor of Engineering Program in Electrical Engineering,ภาษาไทย ปกติ,วิทยาเขตหลัก,"อัตราค่าเล่าเรียน โดยประมาณ 72,500 บาท ตลอดหลักสูตร",อัตราการจบการศึกษา ร้อยละ 80,40,40,40,0
149,มหาวิทยาลัยนครพนม,4. วิศวกรรมโยธา,1. วิศวกรรมศาสตรบัณฑิต สาขาวิชาสาขาวิชาวิศวกรรมโยธา (ภาษาไทย ปกติ),วิศวกรรมศาสตรบัณฑิต,Bachelor of Engineering Program in Civil Engineering,ภาษาไทย ปกติ,วิทยาเขตหลัก,"อัตราค่าเล่าเรียน โดยประมาณ 65,970 บาท ตลอดหลักสูตร",อัตราการจบการศึกษา ร้อยละ 80,40,40,40,0
150,มหาวิทยาลัยนครพนม,5. วิศวกรรมโลจิสติกส์,1. วิศวกรรมศาสตรบัณฑิต สาขาวิชาสาขาวิชาวิศวกรรมโลจิสติกส์ (ภาษาไทย ปกติ),วิศวกรรมศาสตรบัณฑิต,Bachelor of Engineering Program in Logistics Engineering,ภาษาไทย ปกติ,วิทยาเขตหลัก,"อัตราค่าเล่าเรียน โดยประมาณ 72,200 บาท ตลอดหลักสูตร",อัตราการจบการศึกษา ร้อยละ 80,40,40,40,0
151,มหาวิทยาลัยนครพนม,6. วิศวกรรมอุตสาหการ,1. วิศวกรรมศาสตรบัณฑิต สาขาวิชาสาขาวิชาวิศวกรรมอุตสาหการและการจัดการ (ภาษาไทย ปกติ),วิศวกรรมศาสตรบัณฑิต,Bachelor of Engineering Program in Civil Engineering,ภาษาไทย ปกติ,วิทยาเขตหลัก,"อัตราค่าเล่าเรียน โดยประมาณ 72,200 บาท ตลอดหลักสูตร",อัตราการจบการศึกษา ร้อยละ 80,25,25,25,0
152,มหาวิทยาลัยนเรศวร,1. วิศวกรรมคอมพิวเตอร์,1. หลักสูตรวิศวกรรมศาสตรบัณฑิต สาขาวิชาวิศวกรรมคอมพิวเตอร์ (ภาษาไทย ปกติ) วิทยาเขต วิทยาเขตหลัก,หลักสูตรวิศวกรรมศาสตรบัณฑิต สาขาวิชาวิศวกรรมคอมพิวเตอร์,Bachelor of Engineering Program in Computer Engineering,ภาษาไทย ปกติ,วิทยาเขตหลัก,"อัตราค่าเล่าเรียน 16,000 ต่อภาคเรียน",-,30,25,50,10
153,มหาวิทยาลัยนเรศวร,2. วิศวกรรมเคมี,1. หลักสูตรวิศวกรรมศาสตรบัณฑิต สาขาวิชาวิศวกรรมเคมี (ภาษาไทย ปกติ) วิทยาเขต วิทยาเขตหลัก,หลักสูตรวิศวกรรมศาสตรบัณฑิต สาขาวิชาวิศวกรรมเคมี,Bachelor of Engineering Program in Chemical Engineering,ภาษาไทย ปกติ,วิทยาเขตหลัก,"อัตราค่าเล่าเรียน 16,000 ต่อภาคเรียน",-,20,30,45,15
154,มหาวิทยาลัยนเรศวร,3. วิศวกรรมเครื่องกล,1. หลักสูตรวิศวกรรมศาสตรบัณฑิต สาขาวิชาวิศวกรรมเครื่องกล (ภาษาไทย ปกติ) วิทยาเขต วิทยาเขตหลัก,หลักสูตรวิศวกรรมศาสตรบัณฑิต สาขาวิชาวิศวกรรมเครื่องกล,Bachelor of Engineering Program in Mechanical Engineering,ภาษาไทย ปกติ,วิทยาเขตหลัก,"อัตราค่าเล่าเรียน 16,000 ต่อภาคเรียน",-,20,50,60,0
155,มหาวิทยาลัยนเรศวร,4. วิศวกรรมไฟฟ้า,1. หลักสูตรวิศวกรรมศาสตรบัณฑิต สาขาวิชาวิศวกรรมไฟฟ้า สาขาวิชาวิชาเอกวิศวกรรมไฟฟ้ากำลัง (ภาษาไทย ปกติ) วิทยาเขต วิทยาเขตหลัก,หลักสูตรวิศวกรรมศาสตรบัณฑิต สาขาวิชาวิศวกรรมไฟฟ้า,Bachelor of Engineering Program in Electrical Engineering,ภาษาไทย ปกติ,วิทยาเขตหลัก,"อัตราค่าเล่าเรียน 16,000 ต่อภาคเรียน",-,10,20,60,10
156,มหาวิทยาลัยนเรศวร,4. วิศวกรรมไฟฟ้า,2. หลักสูตรวิศวกรรมศาสตรบัณฑิต สาขาวิชาวิศวกรรมไฟฟ้า สาขาวิชาวิชาเอกวิศวกรรมไฟฟ้าสื่อสาร (ภาษาไทย ปกติ) วิทยาเขต วิทยาเขตหลัก,หลักสูตรวิศวกรรมศาสตรบัณฑิต สาขาวิชาวิศวกรรมไฟฟ้า,Bachelor of Engineering Program in Electrical Engineering,ภาษาไทย ปกติ,วิทยาเขตหลัก,"อัตราค่าเล่าเรียน 16,000 ต่อภาคเรียน",-,10,10,30,10
157,มหาวิทยาลัยนเรศวร,5. วิศวกรรมโยธา,1. หลักสูตรวิศวกรรมศาสตรบัณฑิต สาขาวิชาวิศวกรรมโยธา (ภาษาไทย ปกติ) วิทยาเขต วิทยาเขตหลัก,หลักสูตรวิศวกรรมศาสตรบัณฑิต สาขาวิชาวิศวกรรมโยธา,Bachelor of Engineering Program in Civil Engineering,ภาษาไทย ปกติ,วิทยาเขตหลัก,"อัตราค่าเล่าเรียน 16,000 ต่อภาคเรียน",-,10,70,55,8
158,มหาวิทยาลัยนเรศวร,6. วิศวกรรมวัสดุ,1. หลักสูตรวิศวกรรมศาสตรบัณฑิต สาขาวิชาวิศวกรรมวัสดุ (ภาษาไทย ปกติ) วิทยาเขต วิทยาเขตหลัก,หลักสูตรวิศวกรรมศาสตรบัณฑิต สาขาวิชาวิศวกรรมวัสดุ,Bachelor of Engineering Program in Materials Engineering,ภาษาไทย ปกติ,วิทยาเขตหลัก,"อัตราค่าเล่าเรียน 16,000 ต่อภาคเรียน",-,30,20,40,10
159,มหาวิทยาลัยนเรศวร,7. วิศวกรรมสิ่งแวดล้อม,1. หลักสูตรวิศวกรรมศาสตรบัณฑิต สาขาวิชาวิศวกรรมสิ่งแวดล้อม (ภาษาไทย ปกติ) วิทยาเขต วิทยาเขตหลัก,หลักสูตรวิศวกรรมศาสตรบัณฑิต สาขาวิชาวิศวกรรมสิ่งแวดล้อม,Bachelor of Engineering Program in Environmental Engineering,ภาษาไทย ปกติ,วิทยาเขตหลัก,"อัตราค่าเล่าเรียน 16,000 ต่อภาคเรียน",-,15,20,40,0
160,มหาวิทยาลัยนเรศวร,8. วิศวกรรมอุตสาหการ,1. หลักสูตรวิศวกรรมศาสตรบัณฑิต สาขาวิชาวิศวกรรมอุตสาหการ (ภาษาไทย ปกติ) วิทยาเขต วิทยาเขตหลัก,หลักสูตรวิศวกรรมศาสตรบัณฑิต สาขาวิชาวิศวกรรมอุตสาหการ,Bachelor of Engineering Program in Industrial Engineering,ภาษาไทย ปกติ,วิทยาเขตหลัก,"อัตราค่าเล่าเรียน 16,000 ต่อภาคเรียน",-,30,30,60,15
161,มหาวิทยาลัยนเรศวร,9. วิศวกรรมเชิงนวัตกรรม,1. หลักสูตรวิศวกรรมศาสตรบัณฑิต สาขาวิชาวิศวกรรมนวัตกรรมอัจฉริยะ (หลักสูตรภาษาอังกฤษ) (ภาษาไทย ปกติ) วิทยาเขต วิทยาเขตหลัก,หลักสูตรวิศวกรรมศาสตรบัณฑิต สาขาวิชาวิศวกรรมนวัตกรรมอัจฉริยะ (หลักสูตรภาษาอังกฤษ),Bachelor of Engineering Program in Intelligent Innovation Engineering (English Program),ภาษาไทย ปกติ,วิทยาเขตหลัก,"อัตราค่าเล่าเรียน 40,000 ต่อภาคเรียน",-,20,20,30,20
162,มหาวิทยาลัยบูรพา,1. วิศวกรรมเคมี,1. หลักสูตรวิศวกรรมศาสตรบัณฑิต (วศ.บ.) สาขาวิชาวิศวกรรมเคมี ภาคปกติ (ภาษาไทย ปกติ),หลักสูตรวิศวกรรมศาสตรบัณฑิต (วศ.บ.) สาขาวิชาวิศวกรรมเคมี ภาคปกติ,Bachelor of Engineering Program in Chemical Engineering,ภาษาไทย ปกติ,หลัก,,,48,0,0,0
163,มหาวิทยาลัยบูรพา,1. วิศวกรรมเคมี,2. หลักสูตรวิศวกรรมศาสตรบัณฑิต (วศ.บ.) สาขาวิชาวิศวกรรมเคมี ภาคปกติ (รูปแบบที่ 1) (ภาษาไทย ปกติ),หลักสูตรวิศวกรรมศาสตรบัณฑิต (วศ.บ.) สาขาวิชาวิศวกรรมเคมี ภาคปกติ (รูปแบบที่ 1),Bachelor of Engineering Program in Chemical Engineering,ภาษาไทย ปกติ,หลัก,,,0,30,30,0
164,มหาวิทยาลัยบูรพา,1. วิศวกรรมเคมี,3. หลักสูตรวิศวกรรมศาสตรบัณฑิต (วศ.บ.) สาขาวิชาวิศวกรรมเคมี ภาคปกติ (รูปแบบที่ 2) (ภาษาไทย ปกติ),หลักสูตรวิศวกรรมศาสตรบัณฑิต (วศ.บ.) สาขาวิชาวิศวกรรมเคมี ภาคปกติ (รูปแบบที่ 2),Bachelor of Engineering Program in Chemical Engineering,ภาษาไทย ปกติ,หลัก,,,0,30,29,0
165,มหาวิทยาลัยบูรพา,2. วิศวกรรมเครื่องกล,1. หลักสูตรวิศวกรรมศาสตรบัณฑิต (วศ.บ.) สาขาวิชาวิศวกรรมเครื่องกล ภาคปกติ (ภาษาไทย ปกติ),หลักสูตรวิศวกรรมศาสตรบัณฑิต (วศ.บ.) สาขาวิชาวิศวกรรมเครื่องกล ภาคปกติ,Bachelor of Engineering Program in Mechanical Engineering,ภาษาไทย ปกติ,หลัก,,,60,50,36,0
166,มหาวิทยาลัยบูรพา,3. วิศวกรรมไฟฟ้า,1. หลักสูตรวิศวกรรมศาสตรบัณฑิต (วศ.บ.) สาขาวิชาวิศวกรรมไฟฟ้า ภาคปกติ (ภาษาไทย ปกติ),หลักสูตรวิศวกรรมศาสตรบัณฑิต (วศ.บ.) สาขาวิชาวิศวกรรมไฟฟ้า ภาคปกติ,Bachelor of Engineering Program in Electrical Engineering,ภาษาไทย ปกติ,หลัก,,,39,40,26,0
167,มหาวิทยาลัยบูรพา,4. วิศวกรรมโยธา,1. หลักสูตรวิศวกรรมศาสตรบัณฑิต (วศ.บ.) สาขาวิชาวิศวกรรมโยธา ภาคปกติ (ภาษาไทย ปกติ),หลักสูตรวิศวกรรมศาสตรบัณฑิต (วศ.บ.) สาขาวิชาวิศวกรรมโยธา ภาคปกติ,Bachelor of Engineering Program in Civil Engineering,ภาษาไทย ปกติ,หลัก,,,60,50,45,0
168,มหาวิทยาลัยบูรพา,5. วิศวกรรมวัสดุ,1. หลักสูตรวิศวกรรมศาสตรบัณฑิต (วศ.บ.) สาขาวิชาวิศวกรรมวัสดุ ภาคปกติ (ภาษาไทย ปกติ),หลักสูตรวิศวกรรมศาสตรบัณฑิต (วศ.บ.) สาขาวิชาวิศวกรรมวัสดุ ภาคปกติ,Bachelor of Engineering Program in Materials Engineering,ภาษาไทย ปกติ,หลัก,,,93,60,153,0
169,มหาวิทยาลัยบูรพา,6. วิศวกรรมสิ่งแวดล้อม,1. หลักสูตรวิศวกรรมศาสตรบัณฑิต (วศ.บ.) สาขาวิชาวิศวกรรมสิ่งแวดล้อม ภาคปกติ (ภาษาไทย ปกติ),หลักสูตรวิศวกรรมศาสตรบัณฑิต (วศ.บ.) สาขาวิชาวิศวกรรมสิ่งแวดล้อม ภาคปกติ,Bachelor of Engineering Program in Environmental Engineering,ภาษาไทย ปกติ,หลัก,,,23,0,0,0
170,มหาวิทยาลัยบูรพา,6. วิศวกรรมสิ่งแวดล้อม,2. หลักสูตรวิศวกรรมศาสตรบัณฑิต (วศ.บ.) สาขาวิชาวิศวกรรมสิ่งแวดล้อม ภาคปกติ (รูปแบบที่ 1) (ภาษาไทย ปกติ),หลักสูตรวิศวกรรมศาสตรบัณฑิต (วศ.บ.) สาขาวิชาวิศวกรรมสิ่งแวดล้อม ภาคปกติ (รูปแบบที่ 1),Bachelor of Engineering Program in Environmental Engineering,ภาษาไทย ปกติ,หลัก,,,0,25,24,0
171,มหาวิทยาลัยบูรพา,6. วิศวกรรมสิ่งแวดล้อม,3. หลักสูตรวิศวกรรมศาสตรบัณฑิต (วศ.บ.) สาขาวิชาวิศวกรรมสิ่งแวดล้อม ภาคปกติ (รูปแบบที่ 2) (ภาษาไทย ปกติ),หลักสูตรวิศวกรรมศาสตรบัณฑิต (วศ.บ.) สาขาวิชาวิศวกรรมสิ่งแวดล้อม ภาคปกติ (รูปแบบที่ 2),Bachelor of Engineering Program in Environmental Engineering,ภาษาไทย ปกติ,หลัก,,,0,25,23,0
172,มหาวิทยาลัยบูรพา,7. วิศวกรรมอิเล็กทรอนิกส์,1. หลักสูตรวิศวกรรมศาสตรบัณฑิต (วศ.บ.) สาขาวิชาวิศวกรรมระบบสมองกลฝังตัวและอิเล็กทรอนิกส์สื่อสาร ภาคปกติ (ภาษาไทย ปกติ),หลักสูตรวิศวกรรมศาสตรบัณฑิต (วศ.บ.) สาขาวิชาวิศวกรรมระบบสมองกลฝังตัวและอิเล็กทรอนิกส์สื่อสาร ภาคปกติ,Bachelor of Engineering Program in Embedded Systems Engineering and Electronic Communication Engineering,ภาษาไทย ปกติ,หลัก,,,33,60,48,0
173,มหาวิทยาลัยบูรพา,8. วิศวกรรมอุตสาหการ,1. หลักสูตรวิศวกรรมศาสตรบัณฑิต (วศ.บ.) สาขาวิชาวิศวกรรมอุตสาหการ ภาคปกติ (ภาษาไทย ปกติ),หลักสูตรวิศวกรรมศาสตรบัณฑิต (วศ.บ.) สาขาวิชาวิศวกรรมอุตสาหการ ภาคปกติ,Bachelor of Engineering Program in Industrial Engineering,ภาษาไทย ปกติ,หลัก,,,50,60,51,0
174,มหาวิทยาลัยพะเยา,1. วิศวกรรมเครื่องกล,1. หลักสูตรวิศวกรรมศาสตรบัณฑิต สาขาวิชาวิศวกรรมเครื่องกล (ภาษาไทย ปกติ),หลักสูตรวิศวกรรมศาสตรบัณฑิต สาขาวิชาวิศวกรรมเครื่องกล,Bachelor of Engineering Program in Mechanical Engineering,ภาษาไทย ปกติ,วิทยาเขตหลัก,https://admission.up.ac.th/uploads/admission/media/file/64ffeea4861e34SobR.pdf,,60,50,30,0
175,มหาวิทยาลัยพะเยา,2. วิศวกรรมไฟฟ้า,1. หลักสูตรวิศวกรรมศาสตรบัณฑิต สาขาวิชาวิศวกรรมไฟฟ้า (ภาษาไทย ปกติ),หลักสูตรวิศวกรรมศาสตรบัณฑิต สาขาวิชาวิศวกรรมไฟฟ้า,Bachelor of Engineering Program in Electrical Engineering,ภาษาไทย ปกติ,วิทยาเขตหลัก,https://admission.up.ac.th/uploads/admission/media/file/64ffeea4861e34SobR.pdf,,50,20,20,0
176,มหาวิทยาลัยพะเยา,3. วิศวกรรมโยธา,1. หลักสูตรวิศวกรรมศาสตรบัณฑิต สาขาวิชาวิศวกรรมโยธา (ภาษาไทย ปกติ),หลักสูตรวิศวกรรมศาสตรบัณฑิต สาขาวิชาวิศวกรรมโยธา,Bachelor of Engineering Program in Civil Engineering,ภาษาไทย ปกติ,วิทยาเขตหลัก,https://admission.up.ac.th/uploads/admission/media/file/64ffeea4861e34SobR.pdf,,60,10,10,0
177,มหาวิทยาลัยพะเยา,4. วิศวกรรมอุตสาหการ,1. หลักสูตรวิศวกรรมศาสตรบัณฑิต สาขาวิชาวิศวกรรมอุตสาหการ (ภาษาไทย ปกติ),หลักสูตรวิศวกรรมศาสตรบัณฑิต สาขาวิชาวิศวกรรมอุตสาหการ,Bachelor of Engineering Program in Industrial Engineering,ภาษาไทย ปกติ,วิทยาเขตหลัก,https://admission.up.ac.th/uploads/admission/media/file/64ffeea4861e34SobR.pdf,,50,50,30,0
178,มหาวิทยาลัยมหิดล,1. วิศวกรรมคอมพิวเตอร์,1. หลักสูตรวิศวกรรมศาสตรบัณฑิต สาขาวิชาวิศวกรรมคอมพิวเตอร์ (ภาษาไทย ปกติ) วิทยาเขต ศาลายา,หลักสูตรวิศวกรรมศาสตรบัณฑิต สาขาวิชาวิศวกรรมคอมพิวเตอร์,Bachelor of Engineering Program in Computer Engineering,ภาษาไทย ปกติ,ศาลายา,"30,000 ต่อภาคการศึกษา",อัตราการจบการศึกษา ร้อยละ 75.68 ของนักศึกษาปีการศึกษา 2566,25,10,35,0
179,มหาวิทยาลัยมหิดล,2. วิศวกรรมเคมี,1. หลักสูตรวิศวกรรมศาสตรบัณฑิต สาขาวิชาวิศวกรรมเคมี (ภาษาไทย ปกติ) วิทยาเขต ศาลายา,หลักสูตรวิศวกรรมศาสตรบัณฑิต สาขาวิชาวิศวกรรมเคมี,Bachelor of Engineering Program in Chemical Engineering,ภาษาไทย ปกติ,ศาลายา,"30,000 ต่อภาคการศึกษา",อัตราการจบการศึกษา ร้อยละ 84.09 ของนักศึกษาปีการศึกษา 2566,35,20,5,0
180,มหาวิทยาลัยมหิดล,2. วิศวกรรมเคมี,2. หลักสูตรวิศวกรรมศาสตรบัณฑิต สาขาวิชาวิศวกรรมเคมี (หลักสูตรนานาชาติ) (นานาชาติ) วิทยาเขต ศาลายา,หลักสูตรวิศวกรรมศาสตรบัณฑิต สาขาวิชาวิศวกรรมเคมี (หลักสูตรนานาชาติ),Bachelor of Engineering Program in Chemical Engineering (International Program),นานาชาติ,ศาลายา,"75,000 ต่อภาคการศึกษา",อัตราการจบการศึกษา ร้อยละ 50 ของนักศึกษาปีการศึกษา 2566,20,20,15,15
181,มหาวิทยาลัยมหิดล,3. วิศวกรรมเครื่องกล,1. หลักสูตรวิศวกรรมศาสตรบัณฑิต สาขาวิชาวิศวกรรมเครื่องกล (ภาษาไทย ปกติ) วิทยาเขต ศาลายา,หลักสูตรวิศวกรรมศาสตรบัณฑิต สาขาวิชาวิศวกรรมเครื่องกล,Bachelor of Engineering Program in Mechanical Engineering,ภาษาไทย ปกติ,ศาลายา,"30,000 ต่อภาคการศึกษา",อัตราการจบการศึกษา ร้อยละ 77.78 ของนักศึกษาปีการศึกษา 2566,40,20,10,0
182,มหาวิทยาลัยมหิดล,4. วิศวกรรมชีวการแพทย์,1. หลักสูตรวิศวกรรมศาสตรบัณฑิต สาขาวิชาวิศวกรรมชีวการแพทย์ (หลักสูตรนานาชาติ) (นานาชาติ) วิทยาเขต ศาลายา,หลักสูตรวิศวกรรมศาสตรบัณฑิต สาขาวิชาวิศวกรรมชีวการแพทย์ (หลักสูตรนานาชาติ),Bachelor of Engineering Program in Biomedical Engineering (International Program),นานาชาติ,ศาลายา,"75,000 ต่อภาคการศึกษา",อัตราการจบการศึกษา ร้อยละ 89.58 ของนักศึกษาปีการศึกษา 2566,40,0,5,0
183,มหาวิทยาลัยมหิดล,5. วิศวกรรมไฟฟ้า,1. หลักสูตรวิศวกรรมศาสตรบัณฑิต สาขาวิชาวิศวกรรมไฟฟ้า (ภาษาไทย ปกติ) วิทยาเขต ศาลายา,หลักสูตรวิศวกรรมศาสตรบัณฑิต สาขาวิชาวิศวกรรมไฟฟ้า,Bachelor of Engineering Program in Electrical Engineering,ภาษาไทย ปกติ,ศาลายา,"30,000 ต่อภาคการศึกษา",อัตราการจบการศึกษา ร้อยละ 77.78 ของนักศึกษาปีการศึกษา 2566,14,10,25,0
184,มหาวิทยาลัยมหิดล,6. วิศวกรรมโยธา,1. หลักสูตรวิศวกรรมศาสตรบัณฑิต สาขาวิชาวิศวกรรมโยธา (ภาษาไทย ปกติ) วิทยาเขต ศาลายา,หลักสูตรวิศวกรรมศาสตรบัณฑิต สาขาวิชาวิศวกรรมโยธา,Bachelor of Engineering Program in Civil Engineering,ภาษาไทย ปกติ,ศาลายา,"30,000 ต่อภาคการศึกษา",อัตราการจบการศึกษา ร้อยละ 79.63ของนักศึกษาปีการศึกษา 2566,30,8,45,0
185,มหาวิทยาลัยมหิดล,7. วิศวกรรมอุตสาหการ,1. หลักสูตรวิศวกรรมศาสตรบัณฑิต สาขาวิชาวิศวกรรมอุตสาหการ (ภาษาไทย ปกติ) วิทยาเขต ศาลายา,หลักสูตรวิศวกรรมศาสตรบัณฑิต สาขาวิชาวิศวกรรมอุตสาหการ,Bachelor of Engineering (Industrial Engineering),ภาษาไทย ปกติ,ศาลายา,"30,000 ต่อภาคการศึกษา",อัตราการจบการศึกษา ร้อยละ 90.32ของนักศึกษาปีการศึกษา 2566,35,15,10,0
186,มหาวิทยาลัยมหิดล,7. วิศวกรรมอุตสาหการ,2. หลักสูตรวิศวกรรมศาสตรบัณฑิต สาขาวิชาวิศวกรรมอุตสาหการ (หลักสูตรนานาชาติ) (นานาชาติ) วิทยาเขต ศาลายา,หลักสูตรวิศวกรรมศาสตรบัณฑิต สาขาวิชาวิศวกรรมอุตสาหการ (หลักสูตรนานาชาติ),Bachelor of Engineering Program in Industrial Engineering (International Program),นานาชาติ,ศาลายา,"75,000 ต่อภาคการศึกษา",อัตราการจบการศึกษา ร้อยละ 87.10 ของนักศึกษาปีการศึกษา 2566,20,20,15,0
187,มหาวิทยาลัยมหาสารคาม,1. วิศวกรรมทั่วไป,1. วศ.บ. วิศวกรรมศาสตร์ (ภาษาไทย ปกติ) วิทยาเขต มหาสารคาม,วศ.บ. วิศวกรรมศาสตร์,B.Eng. Engineering,ภาษาไทย ปกติ,มหาสารคาม,"15,000",,341,217,70,30
188,มหาวิทยาลัยรามคำแหง,1. วิศวกรรมคอมพิวเตอร์,1. หลักสูตรวิศวกรรมศาสตรบัณฑิต สาขาวิชาวิศวกรรมคอมพิวเตอร์ (วศ.บ. (วิศวกรรมคอมพิวเตอร์)) (ภาษาไทย ปกติ) วิทยาเขต วิทยาเขตหลักหัวหมาก,หลักสูตรวิศวกรรมศาสตรบัณฑิต สาขาวิชาวิศวกรรมคอมพิวเตอร์ (วศ.บ. (วิศวกรรมคอมพิวเตอร์)),Bechelor of Engineering Program in Computer Engineering (B. Eng. (Computer Engineering)),ภาษาไทย ปกติ,วิทยาเขตหลักหัวหมาก,"เทอมแรก 33,000 บาท เทอมต่อไปเทอมละ 26,000 บาท ดูรายละเอียดเพิ่มเติม http://www.eng.ru.ac.th/fee",90% - 96%,20,20,80,20
189,มหาวิทยาลัยรามคำแหง,2. วิศวกรรมพลังงาน,1. หลักสูตรวิศวกรรมศาสตรบัณฑิต สาขาวิชาวิศวกรรมพลังงาน  (วศ.บ. (วิศวกรรมพลังงาน)) (ภาษาไทย ปกติ) วิทยาเขต วิทยาเขตหลักหัวหมาก,หลักสูตรวิศวกรรมศาสตรบัณฑิต สาขาวิชาวิศวกรรมพลังงาน (วศ.บ. (วิศวกรรมพลังงาน)),Bechelor of Engineering Program in Energy Engineering (B. Eng. (Energy Engineering)),ภาษาไทย ปกติ,วิทยาเขตหลักหัวหมาก,"เทอมแรก 33,000 บาท เทอมต่อไปเทอมละ 26,000 บาท ดูรายละเอียดเพิ่มเติม http://www.eng.ru.ac.th/fee",90% - 95%,15,15,40,40
190,มหาวิทยาลัยรามคำแหง,3. วิศวกรรมโยธา,1. หลักสูตรวิศวกรรมศาสตรบัณฑิต สาขาวิชาวิศวกรรมโยธา  (วศ.บ. (วิศวกรรมโยธา)) (ภาษาไทย ปกติ) วิทยาเขต วิทยาเขตหลักหัวหมาก,หลักสูตรวิศวกรรมศาสตรบัณฑิต สาขาวิชาวิศวกรรมโยธา (วศ.บ. (วิศวกรรมโยธา)),Bechelor of Engineering Program in Civil Engineering (B. Eng. (Civil Engineering)),ภาษาไทย ปกติ,วิทยาเขตหลักหัวหมาก,"เทอมแรก 33,000 บาท เทอมต่อไปเทอมละ 26,000 บาท ดูรายละเอียดเพิ่มเติม http://www.eng.ru.ac.th/fee",90% - 95%,25,25,65,35
191,มหาวิทยาลัยรามคำแหง,4. วิศวกรรมสิ่งแวดล้อม,1. หลักสูตรวิศวกรรมศาสตรบัณฑิต สาขาวิชาวิศวกรรมสิ่งแวดล้อมและความปลอดภัย(วศ.บ. (วิศวกรรมสิ่งแวดล้อมและความปลอดภัย)) (ภาษาไทย ปกติ) วิทยาเขต วิทยาเขตหลักหัวหมาก,หลักสูตรวิศวกรรมศาสตรบัณฑิต สาขาวิชาวิศวกรรมสิ่งแวดล้อมและความปลอดภัย(วศ.บ. (วิศวกรรมสิ่งแวดล้อมและความปลอดภัย)),Bechelor of Engineering Program in Environmental Engineering (B. Eng. (Environmental Engineering)),ภาษาไทย ปกติ,วิทยาเขตหลักหัวหมาก,"เทอมแรก 33,000 บาท เทอมต่อไปเทอมละ 26,000 บาท ดูรายละเอียดเพิ่มเติม http://www.eng.ru.ac.th/fee",90% - 96%,15,15,40,40
192,มหาวิทยาลัยรามคำแหง,5. วิศวกรรมอุตสาหการ,1. หลักสูตรวิศวกรรมศาสตรบัณฑิต สาขาวิชาวิศวกรรมอุตสาหการ  (วศ.บ. (วิศวกรรมอุตสาหการ)) (ภาษาไทย ปกติ) วิทยาเขต วิทยาเขตหลักหัวหมาก,หลักสูตรวิศวกรรมศาสตรบัณฑิต สาขาวิชาวิศวกรรมอุตสาหการ (วศ.บ. (วิศวกรรมอุตสาหการ)),Bechelor of Engineering Program in Industrial Engineering (B. Eng. (Industrial Engineering)),ภาษาไทย ปกติ,วิทยาเขตหลักหัวหมาก,"เทอมแรก 33,000 บาท เทอมต่อไปเทอมละ 26,000 บาท ดูรายละเอียดเพิ่มเติม http://www.eng.ru.ac.th/fee",90% - 95%,15,15,40,40
193,มหาวิทยาลัยศรีนครินทรวิโรฒ,1. วิศวกรรมคอมพิวเตอร์,1. หลักสูตรวิศวกรรมศาสตรบัณฑิต สาขาวิชาวิศวกรรมคอมพิวเตอร์ (ภาษาไทย ปกติ) วิทยาเขต องครักษ์,หลักสูตรวิศวกรรมศาสตรบัณฑิต สาขาวิชาวิศวกรรมคอมพิวเตอร์,Bachelor of Engineering Program in Computer Engineering,ภาษาไทย ปกติ,องครักษ์,"25,000 ต่อภาคเรียน",อัตราการจบการศึกษา ร้อยละ 89.36 ของนักศึกษาปีการศึกษา 2565,38,7,15,0
194,มหาวิทยาลัยศรีนครินทรวิโรฒ,1. วิศวกรรมคอมพิวเตอร์,2. หลักสูตรวิศวกรรมศาสตรบัณฑิต สาขาวิชาวิศวกรรมคอนเสิร์ตและมัลติมีเดีย (หลักสูตรนานาชาติ) (Double Degree - นานาชาติ ปกติ) วิทยาเขต องครักษ์,หลักสูตรวิศวกรรมศาสตรบัณฑิต สาขาวิชาวิศวกรรมคอนเสิร์ตและมัลติมีเดีย (หลักสูตรนานาชาติ),Bachelor of Engineering Program in Concert Engineering and Multimedia (International Program),Double Degree - นานาชาติ ปกติ,องครักษ์,"80,000 ต่อภาคเรียน",อัตราการจบการศึกษา ร้อยละ 70 ของนักศึกษาปีการศึกษา 2565,12,2,17,16
195,มหาวิทยาลัยศรีนครินทรวิโรฒ,2. วิศวกรรมเคมี,1. หลักสูตรวิศวกรรมศาสตรบัณฑิต สาขาวิชาวิศวกรรมเคมี (ภาษาไทย ปกติ) วิทยาเขต องครักษ์,หลักสูตรวิศวกรรมศาสตรบัณฑิต สาขาวิชาวิศวกรรมเคมี,Bachelor of Engineering Program in Chemical Engineering,ภาษาไทย ปกติ,องครักษ์,"25,000 ต่อภาคเรียน",อัตราการจบการศึกษา ร้อยละ 78 ของนักศึกษาปีการศึกษา 2565,40,5,12,0
196,มหาวิทยาลัยศรีนครินทรวิโรฒ,3. วิศวกรรมเครื่องกล,1. หลักสูตรวิศวกรรมศาสตรบัณฑิต สาขาวิชาวิศวกรรมเครื่องกล (ภาษาไทย ปกติ) วิทยาเขต องครักษ์,หลักสูตรวิศวกรรมศาสตรบัณฑิต สาขาวิชาวิศวกรรมเครื่องกล,Bachelor of Engineering Program in Mechanical Engineering,ภาษาไทย ปกติ,องครักษ์,"25,000 ต่อภาคเรียน",อัตราการจบการศึกษา ร้อยละ 90.77 ของนักศึกษาปีการศึกษา 2565,60,10,26,0
197,มหาวิทยาลัยศรีนครินทรวิโรฒ,4. วิศวกรรมชีวการแพทย์,1. หลักสูตรวิศวกรรมศาสตรบัณฑิต สาขาวิชาวิศวกรรมชีวการแพทย์ (ภาษาไทย ปกติ) วิทยาเขต องครักษ์,หลักสูตรวิศวกรรมศาสตรบัณฑิต สาขาวิชาวิศวกรรมชีวการแพทย์,Bachelor of Engineering Program in Biomedical Engineering,ภาษาไทย ปกติ,องครักษ์,"25,000 ต่อภาคเรียน",อัตราการจบการศึกษา ร้อยละ 77.78 ของนักศึกษาปีการศึกษา 2565,30,10,36,70
198,มหาวิทยาลัยศรีนครินทรวิโรฒ,5. วิศวกรรมซอฟต์แวร์,1. หลักสูตรวิศวกรรมศาสตรบัณฑิต สาขาวิชาวิศวกรรมด้านความปลอดภัยไซเบอร์ (หลักสูตรนานาชาติ) (Double Degree - นานาชาติ ปกติ) วิทยาเขต องครักษ์,หลักสูตรวิศวกรรมศาสตรบัณฑิต สาขาวิชาวิศวกรรมด้านความปลอดภัยไซเบอร์ (หลักสูตรนานาชาติ),Bachelor of Engineering Program in Cyber Security Engineering (International program),Double Degree - นานาชาติ ปกติ,องครักษ์,"80,000 ต่อภาคเรียน",,12,2,17,16
199,มหาวิทยาลัยศรีนครินทรวิโรฒ,6. วิศวกรรมไฟฟ้า,1. หลักสูตรวิศวกรรมศาสตรบัณฑิต สาขาวิชาวิศวกรรมไฟฟ้า สาขาวิชาวิชาเอกวิศวกรรมไฟฟ้ากำลัง (ภาษาไทย ปกติ) วิทยาเขต องครักษ์,หลักสูตรวิศวกรรมศาสตรบัณฑิต สาขาวิชาวิศวกรรมไฟฟ้า,Bachelor of Engineering Program in Electrical Engineering,ภาษาไทย ปกติ,องครักษ์,"25,000 ต่อภาคเรียน",อัตราการจบการศึกษา ร้อยละ 86.96 ของนักศึกษาปีการศึกษา 2565,30,5,13,4
200,มหาวิทยาลัยศรีนครินทรวิโรฒ,6. วิศวกรรมไฟฟ้า,2. หลักสูตรวิศวกรรมศาสตรบัณฑิต สาขาวิชาวิศวกรรมไฟฟ้า สาขาวิชาวิชาเอกวิศวกรรมโทรคมนาคมและเทคโนโลยีสารสนเทศ (ภาษาไทย ปกติ) วิทยาเขต องครักษ์,หลักสูตรวิศวกรรมศาสตรบัณฑิต สาขาวิชาวิศวกรรมไฟฟ้า,Bachelor of Engineering Program in Electrical Engineering,ภาษาไทย ปกติ,องครักษ์,"25,000 ต่อภาคเรียน",อัตราการจบการศึกษา ร้อยละ 88.57 ของนักศึกษาปีการศึกษา 2565,30,5,34,0
201,มหาวิทยาลัยศรีนครินทรวิโรฒ,7. วิศวกรรมโยธา,1. หลักสูตรวิศวกรรมศาสตรบัณฑิต สาขาวิชาวิศวกรรมโยธา (ภาษาไทย ปกติ) วิทยาเขต องครักษ์,หลักสูตรวิศวกรรมศาสตรบัณฑิต สาขาวิชาวิศวกรรมโยธา,Bachelor of Engineering Program in Civil Engineering,ภาษาไทย ปกติ,องครักษ์,"25,000 ต่อภาคเรียน",อัตราการจบการศึกษา ร้อยละ 54 ของนักศึกษาปีการศึกษา 2565,30,10,21,0
202,มหาวิทยาลัยศรีนครินทรวิโรฒ,8. วิศวกรรมโลจิสติกส์,1. หลักสูตรวิศวกรรมศาสตรบัณฑิต สาขาวิชาวิศวกรรมโลจิสติกส์ (หลักสูตร 2 ภาษา) (สองภาษา/สามภาษา) วิทยาเขต องครักษ์,หลักสูตรวิศวกรรมศาสตรบัณฑิต สาขาวิชาวิศวกรรมโลจิสติกส์ (หลักสูตร 2 ภาษา),Bachelor of Engineering Program in Logistics Engineering,สองภาษา/สามภาษา,องครักษ์,"40,000 ต่อภาคเรียน",อัตราการจบการศึกษา ร้อยละ 100 ของนักศึกษาปีการศึกษา 2565,40,5,43,12
203,มหาวิทยาลัยศรีนครินทรวิโรฒ,9. วิศวกรรมสิ่งแวดล้อม,1. หลักสูตรวิศวกรรมศาสตรบัณฑิต สาขาวิชาวิศวกรรมสิ่งแวดล้อม (ภาษาไทย ปกติ) วิทยาเขต องครักษ์,หลักสูตรวิศวกรรมศาสตรบัณฑิต สาขาวิชาวิศวกรรมสิ่งแวดล้อม,Bachelor of Engineering Program in Environmental Engineering,ภาษาไทย ปกติ,องครักษ์,"25,000 ต่อภาคเรียน",อัตราการจบการศึกษา ร้อยละ 66.67 ของนักศึกษาปีการศึกษา 2565,25,10,26,0
204,มหาวิทยาลัยศรีนครินทรวิโรฒ,10. วิศวกรรมอุตสาหการ,1. หลักสูตรวิศวกรรมศาสตรบัณฑิต สาขาวิชาวิศวกรรมอุตสาหการ (ภาษาไทย ปกติ) วิทยาเขต องครักษ์,หลักสูตรวิศวกรรมศาสตรบัณฑิต สาขาวิชาวิศวกรรมอุตสาหการ,Bachelor of Engineering Program in Industrial Engineering,ภาษาไทย ปกติ,องครักษ์,"25,000 ต่อภาคเรียน",อัตราการจบการศึกษา ร้อยละ 83.72 ของนักศึกษาปีการศึกษา 2565,40,5,18,0
205,มหาวิทยาลัยศิลปากร,1. เทคโนโลยีการอาหาร,1. หลักสูตรวิทยาศาสตรบัณฑิต (เทคโนโลยีอาหาร) (ภาษาไทย ปกติ) วิทยาเขต สนามจันทร์,หลักสูตรวิทยาศาสตรบัณฑิต (เทคโนโลยีอาหาร),B.Sc.(FoodTechnology),ภาษาไทย ปกติ,สนามจันทร์,"ค่าใช้จ่ายตลอดหลักสูตร 152,000 บาท",,94,30,40,20
206,มหาวิทยาลัยศิลปากร,1. เทคโนโลยีการอาหาร,2. หลักสูตรวิทยาศาสตรบัณฑิต (เทคโนโลยีอาหาร) (ภาษาไทย พิเศษ) วิทยาเขต สนามจันทร์,หลักสูตรวิทยาศาสตรบัณฑิต (เทคโนโลยีอาหาร),B.Sc.(FoodTechnology),ภาษาไทย พิเศษ,สนามจันทร์,"ค่าใช้จ่ายตลอดหลักสูตร 280,000 บาท",,10,5,5,20
207,มหาวิทยาลัยศิลปากร,2. เทคโนโลยีชีวภาพ,1. หลักสูตรวิทยาศาสตรบัณฑิต (เทคโนโลยีชีวภาพ) (ภาษาไทย ปกติ) วิทยาเขต สนามจันทร์,หลักสูตรวิทยาศาสตรบัณฑิต (เทคโนโลยีชีวภาพ),B.Sc.(Biotechnology),ภาษาไทย ปกติ,สนามจันทร์,"ค่าใช้จ่ายตลอดหลักสูตร 152,000 บาท",,114,35,30,20
208,มหาวิทยาลัยศิลปากร,2. เทคโนโลยีชีวภาพ,2. หลักสูตรวิทยาศาสตรบัณฑิต (เทคโนโลยีชีวภาพ) (ภาษาไทย พิเศษ) วิทยาเขต สนามจันทร์,หลักสูตรวิทยาศาสตรบัณฑิต (เทคโนโลยีชีวภาพ),B.Sc.(Biotechnology),ภาษาไทย พิเศษ,สนามจันทร์,"ค่าใช้จ่ายตลอดหลักสูตร 280,000 บาท",,10,5,5,5
209,มหาวิทยาลัยศิลปากร,3. วิศวกรรมกระบวนการชีวภาพ,1. หลักสูตรวิศวกรรมศาสตรบัณฑิต (วิศวกรรมกระบวนการชีวภาพ) (ภาษาไทย ปกติ) วิทยาเขต สนามจันทร์,หลักสูตรวิศวกรรมศาสตรบัณฑิต (วิศวกรรมกระบวนการชีวภาพ),B.Eng.(BioprocessEngineering),ภาษาไทย ปกติ,สนามจันทร์,"ค่าใช้จ่ายตลอดหลักสูตร 152,000 บาท",,114,35,30,20
210,มหาวิทยาลัยศิลปากร,3. วิศวกรรมกระบวนการชีวภาพ,2. หลักสูตรวิศวกรรมศาสตรบัณฑิต (วิศวกรรมกระบวนการชีวภาพ) (ภาษาไทย พิเศษ) วิทยาเขต สนามจันทร์,หลักสูตรวิศวกรรมศาสตรบัณฑิต (วิศวกรรมกระบวนการชีวภาพ),B.Eng.(BioprocessEngineering),ภาษาไทย พิเศษ,สนามจันทร์,"ค่าใช้จ่ายตลอดหลักสูตร 280,000 บาท",,10,5,5,5
211,มหาวิทยาลัยศิลปากร,4. วิศวกรรมเคมี,1. หลักสูตรวิศวกรรมศาสตรบัณฑิต (วิศวกรรมเคมี) (ภาษาไทย ปกติ) วิทยาเขต สนามจันทร์,หลักสูตรวิศวกรรมศาสตรบัณฑิต (วิศวกรรมเคมี),B.Eng.(ChemicalEngineering),ภาษาไทย ปกติ,สนามจันทร์,"ค่าใช้จ่ายตลอดหลักสูตร 152,000 บาท",,114,35,20,0
212,มหาวิทยาลัยศิลปากร,4. วิศวกรรมเคมี,2. หลักสูตรวิศวกรรมศาสตรบัณฑิต (วิศวกรรมเคมี) (ภาษาไทย พิเศษ) วิทยาเขต สนามจันทร์,หลักสูตรวิศวกรรมศาสตรบัณฑิต (วิศวกรรมเคมี),B.Eng.(ChemicalEngineering),ภาษาไทย พิเศษ,สนามจันทร์,"ค่าใช้จ่ายตลอดหลักสูตร 280,000 บาท",,30,15,10,10
213,มหาวิทยาลัยศิลปากร,5. วิศวกรรมเครื่องกล,1. หลักสูตรวิศวกรรมศาสตรบัณฑิต (วิศวกรรมเครื่องกล) (ภาษาไทย ปกติ) วิทยาเขต สนามจันทร์,หลักสูตรวิศวกรรมศาสตรบัณฑิต (วิศวกรรมเครื่องกล),B.Eng.(MechanicalEngineering),ภาษาไทย ปกติ,สนามจันทร์,"ค่าใช้จ่ายตลอดหลักสูตร 152,000 บาท",,194,80,30,0
214,มหาวิทยาลัยศิลปากร,5. วิศวกรรมเครื่องกล,2. หลักสูตรวิศวกรรมศาสตรบัณฑิต (วิศวกรรมเครื่องกล) (ภาษาไทย พิเศษ) วิทยาเขต สนามจันทร์,หลักสูตรวิศวกรรมศาสตรบัณฑิต (วิศวกรรมเครื่องกล),B.Eng.(MechanicalEngineering),ภาษาไทย พิเศษ,สนามจันทร์,"ค่าใช้จ่ายตลอดหลักสูตร 280,000 บาท",,80,20,0,10
215,มหาวิทยาลัยศิลปากร,6. วิศวกรรมไฟฟ้าสื่อสาร วิศวกรรมโทรคมนาคม,1. หลักสูตรวิศวกรรมศาสตรบัณฑิต (วิศวกรรมไฟฟ้าสื่อสาร) (ภาษาไทย ปกติ) วิทยาเขต สนามจันทร์,หลักสูตรวิศวกรรมศาสตรบัณฑิต (วิศวกรรมไฟฟ้าสื่อสาร),B.Eng.(ElectricalCommunicationsEngineering),ภาษาไทย ปกติ,สนามจันทร์,"ค่าใช้จ่ายตลอดหลักสูตร 152,000 บาท",,84,20,15,0
216,มหาวิทยาลัยศิลปากร,6. วิศวกรรมไฟฟ้าสื่อสาร วิศวกรรมโทรคมนาคม,2. หลักสูตรวิศวกรรมศาสตรบัณฑิต (วิศวกรรมไฟฟ้าสื่อสาร) (ภาษาไทย พิเศษ) วิทยาเขต สนามจันทร์,หลักสูตรวิศวกรรมศาสตรบัณฑิต (วิศวกรรมไฟฟ้าสื่อสาร),B.Eng.(ElectricalCommunicationsEngineering),ภาษาไทย พิเศษ,สนามจันทร์,"ค่าใช้จ่ายตลอดหลักสูตร 280,000 บาท",,20,10,15,5
217,มหาวิทยาลัยศิลปากร,7. วิศวกรรมโลจิสติกส์,1. หลักสูตรวิศวกรรมศาสตรบัณฑิต (วิศวกรรมการจัดการและโลจิสติกส์) (ภาษาไทย ปกติ) วิทยาเขต สนามจันทร์,หลักสูตรวิศวกรรมศาสตรบัณฑิต (วิศวกรรมการจัดการและโลจิสติกส์),B.Eng.(ManagementEngineeringandLogistics),ภาษาไทย ปกติ,สนามจันทร์,"ค่าใช้จ่ายตลอดหลักสูตร 152,000 บาท",,79,25,20,0
218,มหาวิทยาลัยศิลปากร,7. วิศวกรรมโลจิสติกส์,2. หลักสูตรวิศวกรรมศาสตรบัณฑิต (วิศวกรรมการจัดการและโลจิสติกส์) (ภาษาไทย พิเศษ) วิทยาเขต สนามจันทร์,หลักสูตรวิศวกรรมศาสตรบัณฑิต (วิศวกรรมการจัดการและโลจิสติกส์),B.Eng.(ManagementEngineeringandLogistics),ภาษาไทย พิเศษ,สนามจันทร์,"ค่าใช้จ่ายตลอดหลักสูตร 280,000 บาท",,10,5,0,10
219,มหาวิทยาลัยศิลปากร,8. วิศวกรรมวัสดุ,1. หลักสูตรวิศวกรรมศาสตรบัณฑิต (วิศวกรรมวัสดุและนาโนเทคโนโลยี) (ภาษาไทย ปกติ) วิทยาเขต สนามจันทร์,หลักสูตรวิศวกรรมศาสตรบัณฑิต (วิศวกรรมวัสดุและนาโนเทคโนโลยี),B.Eng.(MaterialsEngineeringandNanotechnology),ภาษาไทย ปกติ,สนามจันทร์,"ค่าใช้จ่ายตลอดหลักสูตร 152,000 บาท",,194,100,40,20
220,มหาวิทยาลัยศิลปากร,8. วิศวกรรมวัสดุ,2. หลักสูตรวิศวกรรมศาสตรบัณฑิต (วิศวกรรมวัสดุและนาโนเทคโนโลยี) (ภาษาไทย พิเศษ) วิทยาเขต สนามจันทร์,หลักสูตรวิศวกรรมศาสตรบัณฑิต (วิศวกรรมวัสดุและนาโนเทคโนโลยี),B.Eng.(MaterialsEngineeringandNanotechnology),ภาษาไทย พิเศษ,สนามจันทร์,"ค่าใช้จ่ายตลอดหลักสูตร 280,000 บาท",,100,20,10,10
221,มหาวิทยาลัยศิลปากร,8. วิศวกรรมวัสดุ,3. หลักสูตรวิศวกรรมศาสตรบัณฑิต (ปิโตรเคมีและวัสดุพอลิเมอร์) (ภาษาไทย ปกติ) วิทยาเขต สนามจันทร์,หลักสูตรวิศวกรรมศาสตรบัณฑิต (ปิโตรเคมีและวัสดุพอลิเมอร์),B.Eng.(PetrochemicalsandPolymericMaterials),ภาษาไทย ปกติ,สนามจันทร์,"ค่าใช้จ่ายตลอดหลักสูตร 152,000 บาท",,199,30,15,5
222,มหาวิทยาลัยศิลปากร,8. วิศวกรรมวัสดุ,4. หลักสูตรวิศวกรรมศาสตรบัณฑิต (ปิโตรเคมีและวัสดุพอลิเมอร์) (ภาษาไทย พิเศษ) วิทยาเขต สนามจันทร์,หลักสูตรวิศวกรรมศาสตรบัณฑิต (ปิโตรเคมีและวัสดุพอลิเมอร์),B.Eng.(PetrochemicalsandPolymericMaterials),ภาษาไทย พิเศษ,สนามจันทร์,"ค่าใช้จ่ายตลอดหลักสูตร 280,000 บาท",,35,10,5,5
223,มหาวิทยาลัยศิลปากร,9. วิศวกรรมอิเล็กทรอนิกส์,1. หลักสูตรวิศวกรรมศาสตรบัณฑิต (วิศวกรรมอิเล็กทรอนิกส์และระบบคอมพิวเตอร์) (ภาษาไทย ปกติ) วิทยาเขต สนามจันทร์,หลักสูตรวิศวกรรมศาสตรบัณฑิต (วิศวกรรมอิเล็กทรอนิกส์และระบบคอมพิวเตอร์),B.Eng.(ElectronicsandComputerSystemEngineering),ภาษาไทย ปกติ,สนามจันทร์,"ค่าใช้จ่ายตลอดหลักสูตร 152,000 บาท",,129,40,30,0
224,มหาวิทยาลัยศิลปากร,9. วิศวกรรมอิเล็กทรอนิกส์,2. หลักสูตรวิศวกรรมศาสตรบัณฑิต (วิศวกรรมอิเล็กทรอนิกส์และระบบคอมพิวเตอร์) (ภาษาไทย พิเศษ) วิทยาเขต สนามจันทร์,หลักสูตรวิศวกรรมศาสตรบัณฑิต (วิศวกรรมอิเล็กทรอนิกส์และระบบคอมพิวเตอร์),B.Eng.(ElectronicsandComputerSystemEngineering),ภาษาไทย พิเศษ,สนามจันทร์,"ค่าใช้จ่ายตลอดหลักสูตร 280,000 บาท",,20,10,20,5
225,มหาวิทยาลัยศิลปากร,10. วิศวกรรมอุตสาหการ,1. หลักสูตรวิศวกรรมศาสตรบัณฑิต (วิศวกรรมอุตสาหการ) (ภาษาไทย ปกติ) วิทยาเขต สนามจันทร์,หลักสูตรวิศวกรรมศาสตรบัณฑิต (วิศวกรรมอุตสาหการ),B.Eng.(IndustrialEngineering),ภาษาไทย ปกติ,สนามจันทร์,"ค่าใช้จ่ายตลอดหลักสูตร 152,000 บาท",,114,30,10,0
226,มหาวิทยาลัยศิลปากร,10. วิศวกรรมอุตสาหการ,2. หลักสูตรวิศวกรรมศาสตรบัณฑิต (วิศวกรรมอุตสาหการ) (ภาษาไทย พิเศษ) วิทยาเขต สนามจันทร์,หลักสูตรวิศวกรรมศาสตรบัณฑิต (วิศวกรรมอุตสาหการ),B.Eng.(IndustrialEngineering),ภาษาไทย พิเศษ,สนามจันทร์,"ค่าใช้จ่ายตลอดหลักสูตร 280,000 บาท",,40,20,0,0
227,มหาวิทยาลัยศิลปากร,11. บริหารธุรกิจ,1. หลักสูตรเทคโนโลยีบัณฑิต (ธุรกิจวิศวกรรม) (ภาษาไทย ปกติ) วิทยาเขต สนามจันทร์,หลักสูตรเทคโนโลยีบัณฑิต (ธุรกิจวิศวกรรม),B.Tech.(EngineeringBusiness),ภาษาไทย ปกติ,สนามจันทร์,"ค่าใช้จ่ายตลอดหลักสูตร 152,000 บาท",,194,80,40,0
228,มหาวิทยาลัยศิลปากร,11. บริหารธุรกิจ,2. หลักสูตรเทคโนโลยีบัณฑิต (ธุรกิจวิศวกรรม) (ภาษาไทย พิเศษ) วิทยาเขต สนามจันทร์,หลักสูตรเทคโนโลยีบัณฑิต (ธุรกิจวิศวกรรม),B.Tech.(EngineeringBusiness),ภาษาไทย พิเศษ,สนามจันทร์,"ค่าใช้จ่ายตลอดหลักสูตร 280,000 บาท",,80,20,0,10
229,มหาวิทยาลัยสงขลานครินทร์,1. วิศวกรรมทั่วไป,1. วศ.บ. วิศวกรรมศาสตร์ (ภาษาไทย ปกติ) วิทยาเขต หาดใหญ่,วศ.บ. วิศวกรรมศาสตร์,Bachelor of Engineering,ภาษาไทย ปกติ,หาดใหญ่,"อัตราค่าเล่าเรียน 18,000.-/ภาคการศึกษา",,596,175,75,10
230,มหาวิทยาลัยสงขลานครินทร์,2. วิศวกรรมการผลิต,1. วศ.บ. วิศวกรรมการผลิต (ภาษาไทย ปกติ) วิทยาเขต หาดใหญ่,วศ.บ. วิศวกรรมการผลิต,Bachelor of Engineering Program in Manufacturing Engineering,ภาษาไทย ปกติ,หาดใหญ่,"อัตราค่าเล่าเรียน 18,000.-/ภาคการศึกษา",,20,10,20,0
231,มหาวิทยาลัยสงขลานครินทร์,3. วิศวกรรมคอมพิวเตอร์,1. วศ.บ. วิศวกรรมคอมพิวเตอร์ (ภาษาไทย ปกติ) วิทยาเขต หาดใหญ่,วศ.บ. วิศวกรรมคอมพิวเตอร์,Bachelor of Engineering Program in Computer Engineering,ภาษาไทย ปกติ,หาดใหญ่,"อัตราค่าเล่าเรียน 18,000.-/ภาคการศึกษา",,75,20,10,0
232,มหาวิทยาลัยสงขลานครินทร์,3. วิศวกรรมคอมพิวเตอร์,2. วศ.บ. วิศวกรรมปัญญาประดิษฐ์ (ภาษาไทย ปกติ) วิทยาเขต หาดใหญ่,วศ.บ. วิศวกรรมปัญญาประดิษฐ์,Bachelor of Engineering Program in Artificial Intelligence Engineering,ภาษาไทย ปกติ,หาดใหญ่,"อัตราค่าเล่าเรียน 28,000.-/ภาคการศึกษา",,210,5,10,0
233,มหาวิทยาลัยสงขลานครินทร์,4. วิศวกรรมเคมี,1. วศ.บ. วิศวกรรมเคมี (ภาษาไทย ปกติ) วิทยาเขต หาดใหญ่,วศ.บ. วิศวกรรมเคมี,Bachelor of Engineering Program in Chemical Engineering,ภาษาไทย ปกติ,หาดใหญ่,"อัตราค่าเล่าเรียน 18,000.-/ภาคการศึกษา",,25,30,10,0
234,มหาวิทยาลัยสงขลานครินทร์,5. วิศวกรรมเครื่องกล,1. วศ.บ. วิศวกรรมเครื่องกล (ภาษาไทย ปกติ) วิทยาเขต หาดใหญ่,วศ.บ. วิศวกรรมเครื่องกล,Bachelor of Engineering Program in Mechanical Engineering,ภาษาไทย ปกติ,หาดใหญ่,"อัตราค่าเล่าเรียน 18,000.-/ภาคการศึกษา",,50,20,10,0
235,มหาวิทยาลัยสงขลานครินทร์,6. วิศวกรรมเมคคาทรอนิกส์,1. วศ.บ. วิศวกรรมเมคาทรอนิกส์ (ภาษาไทย ปกติ) วิทยาเขต หาดใหญ่,วศ.บ. วิศวกรรมเมคาทรอนิกส์,Bachelor of Engineering Program in Mechatronics Engineering,ภาษาไทย ปกติ,หาดใหญ่,"อัตราค่าเล่าเรียน 18,000.-/ภาคการศึกษา",,15,15,5,0
236,มหาวิทยาลัยสงขลานครินทร์,7. วิศวกรรมสิ่งแวดล้อม,1. วศ.บ. วิศวกรรมสิ่งแวดล้อม (ภาษาไทย ปกติ) วิทยาเขต หาดใหญ่,วศ.บ. วิศวกรรมสิ่งแวดล้อม,Bachelor of Engineering Program in Environmental Engineering,ภาษาไทย ปกติ,หาดใหญ่,"อัตราค่าเล่าเรียน 18,000.-/ภาคการศึกษา",,10,20,0,0
237,มหาวิทยาลัยสงขลานครินทร์,8. วิศวกรรมเหมืองแร่,1. วศ.บ. วิศวกรรมเหมืองแร่และวัสดุ (ภาษาไทย ปกติ) วิทยาเขต หาดใหญ่,วศ.บ. วิศวกรรมเหมืองแร่และวัสดุ,Bachelor of Engineering Program in Mining and Materials Engineering,ภาษาไทย ปกติ,หาดใหญ่,"อัตราค่าเล่าเรียน 18,000.-/ภาคการศึกษา",,40,20,15,0
238,มหาวิทยาลัยสงขลานครินทร์,9. วิศวกรรมอุตสาหการ,1. วศ.บ. วิศวกรรมอุตสาหการ (ภาษาไทย ปกติ) วิทยาเขต หาดใหญ่,วศ.บ. วิศวกรรมอุตสาหการ,Bachelor of Engineering Program in Industrial Engineering,ภาษาไทย ปกติ,หาดใหญ่,"อัตราค่าเล่าเรียน 18,000.-/ภาคการศึกษา",,30,30,20,0
239,มหาวิทยาลัยสงขลานครินทร์,10. วิศวกรรมเชิงนวัตกรรม,1. วศ.บ. วิศวกรรมและการจัดการนวัตกรรม (หลักสูตรนานาชาติ) (นานาชาติ) วิทยาเขต หาดใหญ่,วศ.บ. วิศวกรรมและการจัดการนวัตกรรม (หลักสูตรนานาชาติ),Bachelor of Engineering Program in Innovation Engineering and Management (International Program),นานาชาติ,หาดใหญ่,"อัตราค่าเล่าเรียน 59,000.-/ภาคการศึกษา",,250,60,10,20
240,มหาวิทยาลัยอุบลราชธานี,1. วิศวกรรมทั่วไป,"1. วิศวกรรมศาสตรบัณฑิต [สาขาวิชาวิศวกรรมเครื่องกล, สาขาวิชาวิศวกรรมอุตสาหการ,
สาขาวิชาวิศวกรรมโยธา, สาขาวิชาวิศวกรรมไฟฟ้า, สาขาวิชาวิศวกรรมเคมีและสาขาวิชาวิศวกรรมสิ่งแวดล้อม (เลือกสาขาวิชาเมื่อขึ้นชั้นปีที่ 2)] (ภาษาไทย ปกติ) วิทยาเขต วิทยาเขตหลัก","วิศวกรรมศาสตรบัณฑิต [สาขาวิชาวิศวกรรมเครื่องกล, สาขาวิชาวิศวกรรมอุตสาหการ, สาขาวิชาวิศวกรรมโยธา, สาขาวิชาวิศวกรรมไฟฟ้า, สาขาวิชาวิศวกรรมเคมีและสาขาวิชาวิศวกรรมสิ่งแวดล้อม (เลือกสาขาวิชาเมื่อขึ้นชั้นปีที่ 2)]",Bachelor of Engineering Program,ภาษาไทย ปกติ,วิทยาเขตหลัก,"อัตราค่าเล่าเรียน 15,000 ต่อภาคการศึกษา หรือ 120,000 ตลอดหลักสูตร",,450,400,150,0
241,มหาวิทยาลัยอุบลราชธานี,2. วิศวกรรมเมคคาทรอนิกส์,1. วิศวกรรมศาสตรบัณฑิต สาขาวิชาวิศวกรรมเมคคาทรอนิกส์และระบบอัตโนมัติ (ภาษาไทย ปกติ) วิทยาเขต วิทยาเขตหลัก,วิศวกรรมศาสตรบัณฑิต สาขาวิชาวิศวกรรมเมคคาทรอนิกส์และระบบอัตโนมัติ,Bachelor of Engineering Program,ภาษาไทย ปกติ,วิทยาเขตหลัก,"อัตราค่าเล่าเรียน 25,000 ต่อภาคการศึกษา หรือ 200,000 ตลอดหลักสูตร",,0,100,30,40
242,สถาบันเทคโนโลยีพระจอมเกล้าเจ้าคุณทหารลาดกระบัง,1. วิศวกรรมการเงิน,1. วศ.บ. วิศวกรรมการเงิน (หลักสูตรนานาชาติ) (Double Degree - นานาชาติ พิเศษ) วิทยาเขต ลาดกระบัง,วศ.บ. วิศวกรรมการเงิน (หลักสูตรนานาชาติ),B.Eng. Financial Engineering (International Program),Double Degree - นานาชาติ พิเศษ,ลาดกระบัง,"120,000 ต่อภาคการศึกษา",อัตราการจบการศึกษา ร้อยละ 85 ของนักศึกษา ปีการศึกษา 2565,105,10,5,0
243,สถาบันเทคโนโลยีพระจอมเกล้าเจ้าคุณทหารลาดกระบัง,2. วิศวกรรมการผลิต,1. วศ.บ. วิศวกรรมการผลิตเชิงบูรณาการ (ภาษาไทย ปกติ) วิทยาเขต ลาดกระบัง,วศ.บ. วิศวกรรมการผลิตเชิงบูรณาการ,B.Eng. Integrated Production Engineering,ภาษาไทย ปกติ,ลาดกระบัง,"37,000 ต่อภาคการศึกษา",ไม่ระบุ,55,3,0,3
244,สถาบันเทคโนโลยีพระจอมเกล้าเจ้าคุณทหารลาดกระบัง,3. วิศวกรรมเกษตร,1. วศ.บ. วิศวกรรมเกษตรอัจฉริยะ (ภาษาไทย ปกติ) วิทยาเขต ลาดกระบัง,วศ.บ. วิศวกรรมเกษตรอัจฉริยะ,B.Eng. Agri-Intelligence Engineering,ภาษาไทย ปกติ,ลาดกระบัง,"25,000 ต่อภาคการศึกษา",ไม่ระบุ,65,20,10,0
245,สถาบันเทคโนโลยีพระจอมเกล้าเจ้าคุณทหารลาดกระบัง,4. วิศวกรรมคอมพิวเตอร์,1. วศ.บ. วิศวกรรมคอมพิวเตอร์ (ภาษาไทย ปกติ) วิทยาเขต ลาดกระบัง,วศ.บ. วิศวกรรมคอมพิวเตอร์,B.Eng. Computer Engineering,ภาษาไทย ปกติ,ลาดกระบัง,"25,000 ต่อภาคการศึกษา",อัตราการจบการศึกษา ร้อยละ 87.78 ของนักศึกษา ปีการศึกษา 2565,85,40,20,0
246,สถาบันเทคโนโลยีพระจอมเกล้าเจ้าคุณทหารลาดกระบัง,4. วิศวกรรมคอมพิวเตอร์,2. วศ.บ. วิศวกรรมคอมพิวเตอร์ (หลักสูตรนานาชาติ) (นานาชาติ) วิทยาเขต ลาดกระบัง,วศ.บ. วิศวกรรมคอมพิวเตอร์ (หลักสูตรนานาชาติ),B.Eng. Computer Engineering (International Program),นานาชาติ,ลาดกระบัง,"90,000 ต่อภาคการศึกษา",ไม่ระบุ,85,10,5,10
247,สถาบันเทคโนโลยีพระจอมเกล้าเจ้าคุณทหารลาดกระบัง,5. วิศวกรรมเคมี,1. วศ.บ. วิศวกรรมเคมี (ภาษาไทย ปกติ) วิทยาเขต ลาดกระบัง,วศ.บ. วิศวกรรมเคมี,B.Eng. Chemical Engineering,ภาษาไทย ปกติ,ลาดกระบัง,"25,000 ต่อภาคการศึกษา",อัตราการจบการศึกษา ร้อยละ 83.01 ของนักศึกษา ปีการศึกษา 2565,95,20,10,0
248,สถาบันเทคโนโลยีพระจอมเกล้าเจ้าคุณทหารลาดกระบัง,5. วิศวกรรมเคมี,2. วศ.บ. วิศวกรรมเคมี (หลักสูตรนานาชาติ) (นานาชาติ) วิทยาเขต ลาดกระบัง,วศ.บ. วิศวกรรมเคมี (หลักสูตรนานาชาติ),B.Eng. Chemical Engineering (International Program),นานาชาติ,ลาดกระบัง,"90,000 ต่อภาคการศึกษา",อัตราการจบการศึกษา ร้อยละ 84.61 ของนักศึกษา ปีการศึกษา 2565,80,8,0,30
249,สถาบันเทคโนโลยีพระจอมเกล้าเจ้าคุณทหารลาดกระบัง,6. วิศวกรรมเครื่องกล,1. วศ.บ. วิศวกรรมเครื่องกล (ภาษาไทย ปกติ) วิทยาเขต ลาดกระบัง,วศ.บ. วิศวกรรมเครื่องกล,B.Eng. Mechanical Engineering,ภาษาไทย ปกติ,ลาดกระบัง,"25,000 ต่อภาคการศึกษา",อัตราการจบการศึกษา ร้อยละ 78.57 ของนักศึกษา ปีการศึกษา 2565,75,15,5,0
250,สถาบันเทคโนโลยีพระจอมเกล้าเจ้าคุณทหารลาดกระบัง,6. วิศวกรรมเครื่องกล,2. วศ.บ. วิศวกรรมขนส่งทางราง (ภาษาไทย ปกติ) วิทยาเขต ลาดกระบัง,วศ.บ. วิศวกรรมขนส่งทางราง,B.Eng. Rail Transportation Engineering,ภาษาไทย ปกติ,ลาดกระบัง,"25,000 ต่อภาคการศึกษา",อัตราการจบการศึกษา ร้อยละ 90.48 ของนักศึกษา ปีการศึกษา 2565,70,10,5,0
251,สถาบันเทคโนโลยีพระจอมเกล้าเจ้าคุณทหารลาดกระบัง,6. วิศวกรรมเครื่องกล,3. วศ.บ. วิศวกรรมเครื่องกล (หลักสูตรนานาชาติ) (นานาชาติ) วิทยาเขต ลาดกระบัง,วศ.บ. วิศวกรรมเครื่องกล (หลักสูตรนานาชาติ),B.Eng. Mechanical Engineering (International Program),นานาชาติ,ลาดกระบัง,"90,000 ต่อภาคการศึกษา",อัตราการจบการศึกษา ร้อยละ 90.9 ของนักศึกษา ปีการศึกษา 2565,85,10,0,0
252,สถาบันเทคโนโลยีพระจอมเกล้าเจ้าคุณทหารลาดกระบัง,7. วิศวกรรมชีวการแพทย์,1. วศ.บ. วิศวกรรมชีวการแพทย์ (หลักสูตรนานาชาติ) (นานาชาติ) วิทยาเขต ลาดกระบัง,วศ.บ. วิศวกรรมชีวการแพทย์ (หลักสูตรนานาชาติ),B.Eng. Biomedical Engineering (International Program),นานาชาติ,ลาดกระบัง,"90,000 ต่อภาคการศึกษา",อัตราการจบการศึกษา ร้อยละ 73.33 ของนักศึกษา ปีการศึกษา 2565,95,10,5,10
253,สถาบันเทคโนโลยีพระจอมเกล้าเจ้าคุณทหารลาดกระบัง,8. วิศวกรรมซอฟต์แวร์,1. วศ.บ. วิศวกรรมซอฟต์แวร์ (หลักสูตรนานาชาติ) (นานาชาติ) วิทยาเขต ลาดกระบัง,วศ.บ. วิศวกรรมซอฟต์แวร์ (หลักสูตรนานาชาติ),B.Eng. Software Engineering (International Program),นานาชาติ,ลาดกระบัง,"90,000 ต่อภาคการศึกษา",อัตราการจบการศึกษา ร้อยละ 66.66 ของนักศึกษา ปีการศึกษา 2565,105,15,0,15
254,สถาบันเทคโนโลยีพระจอมเกล้าเจ้าคุณทหารลาดกระบัง,9. วิศวกรรมพลังงาน,1. วศ.บ. วิศวกรรมพลังงาน (หลักสูตรนานาชาติ) (นานาชาติ) วิทยาเขต ลาดกระบัง,วศ.บ. วิศวกรรมพลังงาน (หลักสูตรนานาชาติ),B.Eng. Energy Engineering (International Program),นานาชาติ,ลาดกระบัง,"90,000 ต่อภาคการศึกษา",ไม่ระบุ,75,6,0,30
255,สถาบันเทคโนโลยีพระจอมเกล้าเจ้าคุณทหารลาดกระบัง,10. วิศวกรรมไฟฟ้า,1. วศ.บ. วิศวกรรมไฟฟ้า (ภาษาไทย ปกติ) วิทยาเขต ลาดกระบัง,วศ.บ. วิศวกรรมไฟฟ้า,B.Eng. Electrical Engineering,ภาษาไทย ปกติ,ลาดกระบัง,"25,000 ต่อภาคการศึกษา",อัตราการจบการศึกษา ร้อยละ 95.65 ของนักศึกษา ปีการศึกษา 2565,135,42,20,0
256,สถาบันเทคโนโลยีพระจอมเกล้าเจ้าคุณทหารลาดกระบัง,10. วิศวกรรมไฟฟ้า,2. วศ.บ. วิศวกรรมไฟฟ้า (หลักสูตรนานาชาติ) แขนงไฟฟ้ากำลัง (นานาชาติ) วิทยาเขต ลาดกระบัง,วศ.บ. วิศวกรรมไฟฟ้า (หลักสูตรนานาชาติ) แขนงไฟฟ้ากำลัง,B.Eng. Electrical Engineering - Electrical Power major (International Program),นานาชาติ,ลาดกระบัง,"90,000 ต่อภาคการศึกษา",ไม่ระบุ,75,7,0,15
257,สถาบันเทคโนโลยีพระจอมเกล้าเจ้าคุณทหารลาดกระบัง,10. วิศวกรรมไฟฟ้า,3. วศ.บ. วิศวกรรมไฟฟ้า (หลักสูตรนานาชาติ) แขนงแมคคาทรอนิกส์ (นานาชาติ) วิทยาเขต ลาดกระบัง,วศ.บ. วิศวกรรมไฟฟ้า (หลักสูตรนานาชาติ) แขนงแมคคาทรอนิกส์,B.Eng. Electrical Engineering - Mechatronics major (International Program),นานาชาติ,ลาดกระบัง,"90,000 ต่อภาคการศึกษา",ไม่ระบุ,75,6,0,0
258,สถาบันเทคโนโลยีพระจอมเกล้าเจ้าคุณทหารลาดกระบัง,11. วิศวกรรมไฟฟ้าสื่อสาร วิศวกรรมโทรคมนาคม,1. วศ.บ. วิศวกรรมไฟฟ้าสื่อสารและเครือข่าย (ภาษาไทย ปกติ) วิทยาเขต ลาดกระบัง,วศ.บ. วิศวกรรมไฟฟ้าสื่อสารและเครือข่าย,B.Eng. Communications and Network Engineering,ภาษาไทย ปกติ,ลาดกระบัง,"25,000 ต่อภาคการศึกษา",ไม่ระบุ,95,20,10,0
259,สถาบันเทคโนโลยีพระจอมเกล้าเจ้าคุณทหารลาดกระบัง,12. วิศวกรรมเมคคาทรอนิกส์,1. วศ.บ. วิศวกรรมเมคคาทรอนิกส์และออโตเมชัน (ภาษาไทย ปกติ) วิทยาเขต ลาดกระบัง,วศ.บ. วิศวกรรมเมคคาทรอนิกส์และออโตเมชัน,B.Eng. Mechatronics and Automation Engineering,ภาษาไทย ปกติ,ลาดกระบัง,"25,000 ต่อภาคการศึกษา",ไม่ระบุ,120,30,15,0
260,สถาบันเทคโนโลยีพระจอมเกล้าเจ้าคุณทหารลาดกระบัง,13. วิศวกรรมโยธา,1. วศ.บ. วิศวกรรมโยธา (ภาษาไทย ปกติ) วิทยาเขต ลาดกระบัง,วศ.บ. วิศวกรรมโยธา,B.Eng. Civil Engineering,ภาษาไทย ปกติ,ลาดกระบัง,"25,000 ต่อภาคการศึกษา",อัตราการจบการศึกษา ร้อยละ 94.33 ของนักศึกษา ปีการศึกษา 2565,105,25,15,0
261,สถาบันเทคโนโลยีพระจอมเกล้าเจ้าคุณทหารลาดกระบัง,13. วิศวกรรมโยธา,2. วศ.บ. วิศวกรรมโยธา (หลักสูตรนานาชาติ) (นานาชาติ) วิทยาเขต ลาดกระบัง,วศ.บ. วิศวกรรมโยธา (หลักสูตรนานาชาติ),B.Eng. Civil Engineering (International Program),นานาชาติ,ลาดกระบัง,"90,000 ต่อภาคการศึกษา",อัตราการจบการศึกษา ร้อยละ 93.33 ของนักศึกษา ปีการศึกษา 2565,85,8,5,10
262,สถาบันเทคโนโลยีพระจอมเกล้าเจ้าคุณทหารลาดกระบัง,14. วิศวกรรมสารสนเทศ,1. วศ.บ. วิศวกรรมระบบไอโอทีและสารสนเทศ (ภาษาไทย ปกติ) วิทยาเขต ลาดกระบัง,วศ.บ. วิศวกรรมระบบไอโอทีและสารสนเทศ,B.Eng. IoT system and Information Engineering,ภาษาไทย ปกติ,ลาดกระบัง,"25,000 ต่อภาคการศึกษา",ไม่ระบุ,75,15,5,3
263,สถาบันเทคโนโลยีพระจอมเกล้าเจ้าคุณทหารลาดกระบัง,14. วิศวกรรมสารสนเทศ,2. วศ.บ. วิศวกรรมอวกาศและภูมิสารสนเทศ (ภาษาไทย ปกติ) วิทยาเขต ลาดกระบัง,วศ.บ. วิศวกรรมอวกาศและภูมิสารสนเทศ,B.Eng. Space and Geospatial Engineering,ภาษาไทย ปกติ,ลาดกระบัง,"25,000 ต่อภาคการศึกษา",ไม่ระบุ,20,15,5,0
264,สถาบันเทคโนโลยีพระจอมเกล้าเจ้าคุณทหารลาดกระบัง,15. วิศวกรรมหุ่นยนต์,1. วศ.บ. วิศวกรรมหุ่นยนต์และปัญญาประดิษฐ์ (หลักสูตรนานาชาติ) (นานาชาติ) วิทยาเขต ลาดกระบัง,วศ.บ. วิศวกรรมหุ่นยนต์และปัญญาประดิษฐ์ (หลักสูตรนานาชาติ),B.Eng. Robotics and AI Engineering (International Program),นานาชาติ,ลาดกระบัง,"90,000 ต่อภาคการศึกษา",อัตราการจบการศึกษา ร้อยละ 97.72 ของนักศึกษา ปีการศึกษา 2565,105,10,5,10
265,สถาบันเทคโนโลยีพระจอมเกล้าเจ้าคุณทหารลาดกระบัง,16. วิศวกรรมอาหาร,1. วศ.บ. วิศวกรรมอาหาร (ภาษาไทย ปกติ) วิทยาเขต ลาดกระบัง,วศ.บ. วิศวกรรมอาหาร,B.Eng. Food Engineering,ภาษาไทย ปกติ,ลาดกระบัง,"25,000 ต่อภาคการศึกษา",อัตราการจบการศึกษา ร้อยละ 86.88 ของนักศึกษา ปีการศึกษา 2565,65,20,10,0
266,สถาบันเทคโนโลยีพระจอมเกล้าเจ้าคุณทหารลาดกระบัง,17. วิศวกรรมอิเล็กทรอนิกส์,1. วศ.บ. วิศวกรรมอิเล็กทรอนิกส์ (ภาษาไทย ปกติ) วิทยาเขต ลาดกระบัง,วศ.บ. วิศวกรรมอิเล็กทรอนิกส์,B.Eng. Electronics Engineering,ภาษาไทย ปกติ,ลาดกระบัง,"25,000 ต่อภาคการศึกษา",อัตราการจบการศึกษา ร้อยละ 83.87 ของนักศึกษา ปีการศึกษา 2565,105,25,15,0
267,สถาบันเทคโนโลยีพระจอมเกล้าเจ้าคุณทหารลาดกระบัง,18. วิศวกรรมอุตสาหการ,1. วศ.บ. วิศวกรรมอุตสาหการ (ภาษาไทย ปกติ) วิทยาเขต ลาดกระบัง,วศ.บ. วิศวกรรมอุตสาหการ,B.Eng. Industrial Engineering,ภาษาไทย ปกติ,ลาดกระบัง,"25,000 ต่อภาคการศึกษา",อัตราการจบการศึกษา ร้อยละ 92.31 ของนักศึกษา ปีการศึกษา 2565,105,40,20,0
268,สถาบันเทคโนโลยีพระจอมเกล้าเจ้าคุณทหารลาดกระบัง,18. วิศวกรรมอุตสาหการ,2. วศ.บ. วิศวกรรมอุตสาหการและการจัดการโลจิสติกส์ (หลักสูตรนานาชาติ) (นานาชาติ) วิทยาเขต ลาดกระบัง,วศ.บ. วิศวกรรมอุตสาหการและการจัดการโลจิสติกส์ (หลักสูตรนานาชาติ),B.Eng. Industrial Engineering and logistics Management (International Program),นานาชาติ,ลาดกระบัง,"90,000 ต่อภาคการศึกษา",อัตราการจบการศึกษา ร้อยละ 90.9 ของนักศึกษา ปีการศึกษา 2565,85,10,5,25
269,สถาบันเทคโนโลยีพระจอมเกล้าเจ้าคุณทหารลาดกระบัง,18. วิศวกรรมอุตสาหการ,3. วศ.บ. การจัดการวิศวกรรมและการเป็นผู้ประกอบการ (หลักสูตรนานาชาติ) (นานาชาติ) วิทยาเขต ลาดกระบัง,วศ.บ. การจัดการวิศวกรรมและการเป็นผู้ประกอบการ (หลักสูตรนานาชาติ),B.Eng. Engineering Management and Entrepreneurship (International Program),นานาชาติ,ลาดกระบัง,"90,000 ต่อภาคการศึกษา",ไม่ระบุ,80,7,0,35
270,มหาวิทยาลัยราชภัฏชัยภูมิ,1. วิศวกรรมการผลิต,1. วศ.บ. สาขาวิชาวิศวกรรมการผลิตและระบบอัตโนมัติ สาขาวิชาวิศวกรรมการผลิตและระบบอัตโนมัติ (ภาษาไทย ปกติ),วศ.บ. สาขาวิชาวิศวกรรมการผลิตและระบบอัตโนมัติ,Bachelor of Engineering Program in Production Engineering,ภาษาไทย ปกติ,วิทยาเขตหลัก,,,20,10,20,26
271,มหาวิทยาลัยราชภัฏชัยภูมิ,2. วิศวกรรมเครื่องกล,1. วศ.บ. สาขาวิชาวิศวกรรมเครื่องกล สาขาวิชาวิศวกรรมเครื่องกล (ภาษาไทย ปกติ),วศ.บ. สาขาวิชาวิศวกรรมเครื่องกล,Bachelor of Engineering Program in Mechanical Engineering,ภาษาไทย ปกติ,วิทยาเขตหลัก,,,20,10,20,15
272,มหาวิทยาลัยราชภัฏชัยภูมิ,3. วิศวกรรมโลจิสติกส์,1. วศ.บ. สาขาวิชาวิศวกรรมอุตสาหการและโลจิสติกส์ สาขาวิชาวิศวกรรมอุตสาหการและโลจิสติกส์ (ภาษาไทย ปกติ),วศ.บ. สาขาวิชาวิศวกรรมอุตสาหการและโลจิสติกส์,Bachelor of Engineering Program in Industrial Engineering and Logistics,ภาษาไทย ปกติ,วิทยาเขตหลัก,,,20,10,10,10
273,มหาวิทยาลัยราชภัฏบ้านสมเด็จเจ้าพระยา,1. โภชนาการ,1. หลักสูตรวิทยาศาสตรบัณฑิต สาขาวิชาการประกอบและบริการอาหาร (ภาษาไทย ปกติ),หลักสูตรวิทยาศาสตรบัณฑิต สาขาวิชาการประกอบและบริการอาหาร,Bachelor of Science Program in Cookery and Food Service,ภาษาไทย ปกติ,วิทยาเขตหลัก,"ค่าธรรมเนียมการศึกษา ภาคเรียนแรกเข้า 17,000 บาท ค่าธรรมเนียมการศึกษาภาคเรียนถัดไป 13,000 ต่อภาคเรียน ประมาณการค่าธรรมเนียมศึกษาตลอดหลักสูตร 108,000 บาท",อัตราการจบการศึกษา ร้อยละ 45.45 ที่สำเร็จการศึกษา ปีการศึกษา 2564 ของนักศึกษาที่รับเข้า ปีการศึกษา 2561,30,30,30,60
274,มหาวิทยาลัยราชภัฏบ้านสมเด็จเจ้าพระยา,2. โลจิสติกส์,1. หลักสูตรวิทยาศาสตรบัณฑิต สาขาวิชาเทคโนโลยีโลจิสติกส์ (ภาษาไทย ปกติ),หลักสูตรวิทยาศาสตรบัณฑิต สาขาวิชาเทคโนโลยีโลจิสติกส์,Bachelor of Science Program in Logistics Technology,ภาษาไทย ปกติ,วิทยาเขตหลัก,"ค่าธรรมเนียมการศึกษา ภาคเรียนแรกเข้า 15,000 บาท ค่าธรรมเนียมการศึกษาภาคเรียนถัดไป 11,000 ต่อภาคเรียน ประมาณการค่าธรรมเนียมศึกษาตลอดหลักสูตร 92,000 บาท",อัตราการจบการศึกษา ร้อยละ 23.52 ที่สำเร็จการศึกษา ปีการศึกษา 2565 ของนักศึกษาที่รับเข้า ปีการศึกษา 2562,40,40,40,80
275,มหาวิทยาลัยราชภัฏบ้านสมเด็จเจ้าพระยา,3. เทคโนโลยีอุตสาหกรรม,1. หลักสูตรเทคโนโลยีบัณฑิต สาขาวิชาการจัดการอุตสาหกรรม (ต่อเนื่อง) (ภาษาไทย ปกติ),หลักสูตรเทคโนโลยีบัณฑิต สาขาวิชาการจัดการอุตสาหกรรม (ต่อเนื่อง),Bachelor of Technology Program in Industrial Management (Continuing Program),ภาษาไทย ปกติ,วิทยาเขตหลัก,"ค่าธรรมเนียมการศึกษา ภาคเรียนแรกเข้า 15,000 บาท ค่าธรรมเนียมการศึกษาภาคเรียนถัดไป 11,000 ต่อภาคเรียน ประมาณการค่าธรรมเนียมศึกษาตลอดหลักสูตร 92,000 บาท",อัตราการจบการศึกษา ร้อยละ 100.00 ที่สำเร็จการศึกษา ปีการศึกษา 2564 ของนักศึกษาที่รับเข้า ปีการศึกษา 2561,30,30,30,60
276,มหาวิทยาลัยราชภัฏบ้านสมเด็จเจ้าพระยา,4. เทคโนโลยีอุตสาหการ การผลิต,1. หลักสูตรอุตสาหกรรมศาสตรบัณฑิต สาขาวิชาการจัดการวิศวกรรมการผลิตและโลจิสติกส์ (แขนงวิชาการจัดการผลิตและคุณภาพ) (ภาษาไทย ปกติ),หลักสูตรอุตสาหกรรมศาสตรบัณฑิต สาขาวิชาการจัดการวิศวกรรมการผลิตและโลจิสติกส์ (แขนงวิชาการจัดการผลิตและคุณภาพ),Bachelor of Industrial Technology Program in Production and Logistics Engineering Management (Production and Quality Management),ภาษาไทย ปกติ,วิทยาเขตหลัก,"ค่าธรรมเนียมการศึกษา ภาคเรียนแรกเข้า 15,000 บาท ค่าธรรมเนียมการศึกษาภาคเรียนถัดไป 11,900 ต่อภาคเรียน ประมาณการค่าธรรมเนียมศึกษาตลอดหลักสูตร 99,300 บาท",อัตราการจบการศึกษา ร้อยละ 43.90 ที่สำเร็จการศึกษา ปีการศึกษา 2564 ของนักศึกษาที่รับเข้า ปีการศึกษา 2561,20,20,15,40
277,มหาวิทยาลัยราชภัฏบ้านสมเด็จเจ้าพระยา,4. เทคโนโลยีอุตสาหการ การผลิต,2. หลักสูตรอุตสาหกรรมศาสตรบัณฑิต สาขาวิชาการจัดการวิศวกรรมการผลิตและโลจิสติกส์ (แขนงวิชาการจัดการคลังสินค้า) (ภาษาไทย ปกติ),หลักสูตรอุตสาหกรรมศาสตรบัณฑิต สาขาวิชาการจัดการวิศวกรรมการผลิตและโลจิสติกส์ (แขนงวิชาการจัดการคลังสินค้า),Bachelor of Industrial Technology Program in Production and Logistics Engineering Management (Warehouse Management),ภาษาไทย ปกติ,วิทยาเขตหลัก,"ค่าธรรมเนียมการศึกษา ภาคเรียนแรกเข้า 15,000 บาท ค่าธรรมเนียมการศึกษาภาคเรียนถัดไป 11,900 ต่อภาคเรียน ประมาณการค่าธรรมเนียมศึกษาตลอดหลักสูตร 99,300 บาท",อัตราการจบการศึกษา ร้อยละ 54.17 ที่สำเร็จการศึกษา ปีการศึกษา 2564 ของนักศึกษาที่รับเข้า ปีการศึกษา 2561,20,20,20,40
278,มหาวิทยาลัยราชภัฏบ้านสมเด็จเจ้าพระยา,4. เทคโนโลยีอุตสาหการ การผลิต,3. หลักสูตรอุตสาหกรรมศาสตรบัณฑิต สาขาวิชาการจัดการวิศวกรรมการผลิตและโลจิสติกส์ (แขนงวิชาการจัดการดิจิทัลโลจิสติกส์) (ภาษาไทย ปกติ),หลักสูตรอุตสาหกรรมศาสตรบัณฑิต สาขาวิชาการจัดการวิศวกรรมการผลิตและโลจิสติกส์ (แขนงวิชาการจัดการดิจิทัลโลจิสติกส์),Bachelor of Industrial Technology Program in Production and Logistics Engineering Management (Digital Logistics Management),ภาษาไทย ปกติ,วิทยาเขตหลัก,"ค่าธรรมเนียมการศึกษา ภาคเรียนแรกเข้า 15,000 บาท ค่าธรรมเนียมการศึกษาภาคเรียนถัดไป 12,000 ต่อภาคเรียน ประมาณการค่าธรรมเนียมศึกษาตลอดหลักสูตร 100,000 บาท",อัตราการจบการศึกษา ร้อยละ 54.17 ที่สำเร็จการศึกษา ปีการศึกษา 2564 ของนักศึกษาที่รับเข้า ปีการศึกษา 2561,20,20,15,40
279,มหาวิทยาลัยราชภัฏบ้านสมเด็จเจ้าพระยา,5. วิศวกรรมพลังงาน,1. หลักสูตรวิศวกรรมศาสตรบัณฑิต สาขาวิชาวิศวกรรมพลังงาน (ภาษาไทย ปกติ),หลักสูตรวิศวกรรมศาสตรบัณฑิต สาขาวิชาวิศวกรรมพลังงาน,Bachelor of Engineering Program in Energy Engineering,ภาษาไทย ปกติ,วิทยาเขตหลัก,"ค่าธรรมเนียมการศึกษา ภาคเรียนแรกเข้า 17,000 บาท ค่าธรรมเนียมการศึกษาภาคเรียนถัดไป 12,900 ต่อภาคเรียน ประมาณการค่าธรรมเนียมศึกษาตลอดหลักสูตร 107,300 บาท",หลักสูตรใหม่ พ.ศ. 2562 จะมีผู้สำเร็จการศึกษา ตามระยะเวลาการศึกษาตามหลักสูตร ในปีการศึกษา 2565,20,20,20,40
280,มหาวิทยาลัยราชภัฏบ้านสมเด็จเจ้าพระยา,6. วิศวกรรมไฟฟ้า,1. หลักสูตรวิศวกรรมศาสตรบัณฑิต สาขาวิชาวิศวกรรมไฟฟ้าและระบบควบคุมอัตโนมัติ (ภาษาไทย ปกติ),หลักสูตรวิศวกรรมศาสตรบัณฑิต สาขาวิชาวิศวกรรมไฟฟ้าและระบบควบคุมอัตโนมัติ,Bachelor of Engineering Program in Electrical Engineering and Automation Control Systems,ภาษาไทย ปกติ,วิทยาเขตหลัก,"ค่าธรรมเนียมการศึกษา ภาคเรียนแรกเข้า 17,000 บาท ค่าธรรมเนียมการศึกษาภาคเรียนถัดไป 13,100 ต่อภาคเรียน ประมาณการค่าธรรมเนียมศึกษาตลอดหลักสูตร 108,700 บาท",หลักสูตรใหม่ พ.ศ. 2564 จะมีผู้สำเร็จการศึกษา ตามระยะเวลาการศึกษาตามหลักสูตร ในปีการศึกษา 2567,30,30,30,60
281,มหาวิทยาลัยราชภัฏบ้านสมเด็จเจ้าพระยา,7. วิศวกรรมระบบวัดคุม วิศวกรรมอัตโนมัติ,1. หลักสูตรอุตสาหกรรมศาสตรบัณฑิต สาขาวิชาเทคโนโลยีวิศวกรรมออโตเมชัน (ภาษาไทย ปกติ),หลักสูตรอุตสาหกรรมศาสตรบัณฑิต สาขาวิชาเทคโนโลยีวิศวกรรมออโตเมชัน,Bachelor of Industrial Technology Program in Automation Engineering Technology,ภาษาไทย ปกติ,วิทยาเขตหลัก,"ค่าธรรมเนียมการศึกษา ภาคเรียนแรกเข้า 15,000 บาท ค่าธรรมเนียมการศึกษาภาคเรียนถัดไป 11,000 ต่อภาคเรียน ประมาณการค่าธรรมเนียมศึกษาตลอดหลักสูตร 92,000 บาท",อัตราการจบการศึกษา ร้อยละ 14.71 ที่สำเร็จการศึกษา ปีการศึกษา 2564 ของนักศึกษาที่รับเข้า ปีการศึกษา 2561,30,30,30,60
282,มหาวิทยาลัยราชภัฏบ้านสมเด็จเจ้าพระยา,8. วิศวกรรมอุตสาหการ,1. หลักสูตรวิศวกรรมศาสตรบัณฑิต สาขาวิชาวิศวกรรมอุตสาหการและการจัดการโซ่อุปทาน (ภาษาไทย ปกติ),หลักสูตรวิศวกรรมศาสตรบัณฑิต สาขาวิชาวิศวกรรมอุตสาหการและการจัดการโซ่อุปทาน,Bachelor of Engineering Program in Industrial Engineering and Supply Chain Management,ภาษาไทย ปกติ,วิทยาเขตหลัก,"ค่าธรรมเนียมการศึกษา ภาคเรียนแรกเข้า 15,000 บาท ค่าธรรมเนียมการศึกษาภาคเรียนถัดไป 11,000 ต่อภาคเรียน ประมาณการค่าธรรมเนียมศึกษาตลอดหลักสูตร 92,000 บาท",อัตราการจบการศึกษา ร้อยละ 64.10 ที่สำเร็จการศึกษา ปีการศึกษา 2564 ของนักศึกษาที่รับเข้า ปีการศึกษา 2561,25,25,25,35
283,มหาวิทยาลัยราชภัฏบ้านสมเด็จเจ้าพระยา,9. การออกแบบ,1. หลักสูตรวิทยาศาสตรบัณฑิต สาขาวิชาออกแบบและพัฒนาผลิตภัณฑ์ (ภาษาไทย ปกติ),หลักสูตรวิทยาศาสตรบัณฑิต สาขาวิชาออกแบบและพัฒนาผลิตภัณฑ์,Bachelor of Science Program in Product Design and Development,ภาษาไทย ปกติ,วิทยาเขตหลัก,"ค่าธรรมเนียมการศึกษา ภาคเรียนแรกเข้า 15,000 บาท ค่าธรรมเนียมการศึกษาภาคเรียนถัดไป 11,100 ต่อภาคเรียน ประมาณการค่าธรรมเนียมศึกษาตลอดหลักสูตร 92,700 บาท",อัตราการจบการศึกษา ร้อยละ 25.00 ที่สำเร็จการศึกษา ปีการศึกษา 2564 ของนักศึกษาที่รับเข้า ปีการศึกษา 2561,10,30,30,46
284,มหาวิทยาลัยปทุมธานี,1. วิศวกรรมเครื่องกล,1. วิศวกรรมศาสตรบัณฑิต สาขาวิชาภาษาไทย (ภาษาไทย ปกติ),วิศวกรรมศาสตรบัณฑิต,Bachelor of Engineering,ภาษาไทย ปกติ,วิทยาเขตหลัก,"อัตราค่าเล่าเรียน 46,000 ต่อภาคเรียน หรือ 368,000 บาท ตลอดหลักสูตร",,0,0,10,0
285,มหาวิทยาลัยปทุมธานี,2. วิศวกรรมไฟฟ้า,1. วิศวกรรมศาสตรบัณฑิต สาขาวิชาภาษาไทย (ภาษาไทย ปกติ),วิศวกรรมศาสตรบัณฑิต,Bachelor of Engineering,ภาษาไทย ปกติ,วิทยาเขตหลัก,"อัตราค่าเล่าเรียน 46,000 ต่อภาคเรียน หรือ 368,000 บาท ตลอดหลักสูตร",,0,0,10,0
286,มหาวิทยาลัยปทุมธานี,3. วิศวกรรมโยธา,1. วิศวกรรมศาสตรบัณฑิต สาขาวิชาภาษาไทย (ภาษาไทย ปกติ),วิศวกรรมศาสตรบัณฑิต,Bachelor of Engineering,ภาษาไทย ปกติ,วิทยาเขตหลัก,"อัตราค่าเล่าเรียน 46,000 ต่อภาคเรียน หรือ 368,000 บาท ตลอดหลักสูตร",,0,0,10,0
287,มหาวิทยาลัยปทุมธานี,3. วิศวกรรมโยธา,2. วิศวกรรมศาสตรบัณฑิต สาขาวิชาภาษาไทย (ต่อเนื่อง ปกติ),วิศวกรรมศาสตรบัณฑิต,Bachelor of Engineering,ต่อเนื่อง ปกติ,วิทยาเขตหลัก,"อัตราค่าเล่าเรียน 47,500 ต่อภาคเรียน หรือ 285,000 บาท ตลอดหลักสูตร",,0,0,10,0
288,มหาวิทยาลัยศรีปทุม,1. วิศวกรรมเครื่องกล,1. วศ.บ. สาขาวิชาวิศวกรรมเครื่องกล (ภาษาไทย ปกติ),วศ.บ. สาขาวิชาวิศวกรรมเครื่องกล,B.Eng. Mechanical Engineering,ภาษาไทย ปกติ,วิทยาเขตหลัก,,,10,10,10,10
289,มหาวิทยาลัยศรีปทุม,1. วิศวกรรมเครื่องกล,2. วศ.บ. สาขาวิชาวิศวกรรมเครื่องกล(เทคโนโลยีอาคาร) (ภาษาไทย ปกติ),วศ.บ. สาขาวิชาวิศวกรรมเครื่องกล(เทคโนโลยีอาคาร),B.Eng. Mechanical Engineering (Building technology),ภาษาไทย ปกติ,วิทยาเขตหลัก,,,10,10,10,10
290,มหาวิทยาลัยศรีปทุม,1. วิศวกรรมเครื่องกล,3. วศ.บ. สาขาวิชาวิศวกรรมเครื่องกล(เทคโนโลยียานยนต์สมัยใหม่) (ภาษาไทย ปกติ),วศ.บ. สาขาวิชาวิศวกรรมเครื่องกล(เทคโนโลยียานยนต์สมัยใหม่),B.Eng. Mechanical Engineering (Next Generation Automotive Technologies),ภาษาไทย ปกติ,วิทยาเขตหลัก,,,10,10,10,10
291,มหาวิทยาลัยศรีปทุม,2. วิศวกรรมไฟฟ้า,1. วศ.บ. สาขาวิชาวิศวกรรมไฟฟ้า (ภาษาไทย ปกติ),วศ.บ. สาขาวิชาวิศวกรรมไฟฟ้า,B.Eng. Electrical Engineering,ภาษาไทย ปกติ,วิทยาเขตหลัก,,,25,25,25,25
292,มหาวิทยาลัยศรีปทุม,2. วิศวกรรมไฟฟ้า,2. วศ.บ. สาขาวิชาวิศวกรรมไฟฟ้า  (ระบบควบคุมอัตโนมัติและหุ่นยนต์) (ภาษาไทย ปกติ),วศ.บ. สาขาวิชาวิศวกรรมไฟฟ้า (ระบบควบคุมอัตโนมัติและหุ่นยนต์),B.Eng. Electrical Engineering (Automated control systems and robots),ภาษาไทย ปกติ,วิทยาเขตหลัก,,,25,25,25,25
293,มหาวิทยาลัยศรีปทุม,3. วิศวกรรมโยธา,1. วศ.บ. สาขาวิชาวิศวกรรมโยธา (ภาษาไทย ปกติ),วศ.บ. สาขาวิชาวิศวกรรมโยธา,B.Eng. Civil Engineering,ภาษาไทย ปกติ,วิทยาเขตหลัก,,,25,25,25,25
294,มหาวิทยาลัยศรีปทุม,3. วิศวกรรมโยธา,2. วศ.บ. สาขาวิชาวิศวกรรมโยธา(การจัดการงานก่อสร้าง) (ภาษาไทย ปกติ),วศ.บ. สาขาวิชาวิศวกรรมโยธา(การจัดการงานก่อสร้าง),B.Eng. Civil Engineering (Construction Management),ภาษาไทย ปกติ,วิทยาเขตหลัก,,,25,25,25,25
295,มหาวิทยาลัยศรีปทุม,4. วิศวกรรมระบบราง,1. วศ.บ. สาขาวิชาวิศวกรรมระบบราง (ภาษาไทย ปกติ),วศ.บ. สาขาวิชาวิศวกรรมระบบราง,B.Eng. Railway Engineering,ภาษาไทย ปกติ,วิทยาเขตหลัก,,,5,5,5,10
296,มหาวิทยาลัยศรีปทุม,5. วิศวกรรมอุตสาหการ,1. วศ.บ. สาขาวิชาวิศวกรรมอุตสาหการและการจัดการ (ภาษาไทย ปกติ),วศ.บ. สาขาวิชาวิศวกรรมอุตสาหการและการจัดการ,B.Eng. Industrial Engineering,ภาษาไทย ปกติ,วิทยาเขตหลัก,,,5,5,5,5
297,มหาวิทยาลัยศรีปทุม,5. วิศวกรรมอุตสาหการ,2. วศ.บ. สาขาวิชาวิศวกรรมอุตสาหการและการจัดการ (การจัดการวิศวกรรม) (ภาษาไทย ปกติ),วศ.บ. สาขาวิชาวิศวกรรมอุตสาหการและการจัดการ (การจัดการวิศวกรรม),B.Eng. Industrial Engineering (Engineering Management),ภาษาไทย ปกติ,วิทยาเขตหลัก,,,5,5,5,5
298,มหาวิทยาลัยสยาม,1. วิศวกรรมทั่วไป,"1. วิศวกรรมศาสตรบัณฑิต (สาขาวิชาวิศวกรรมยานยนต์,สาขาวิชาวิศวกรรมเครื่องกล,สาขาวิชาวิศวกรรมไฟฟ้า,สาขาวิชาวิศวกรรมโยธา เลือกสาขาภายหลัง) (ภาษาไทย ปกติ) วิทยาเขต วิทยาเขตหลัก","วิศวกรรมศาสตรบัณฑิต (สาขาวิชาวิศวกรรมยานยนต์,สาขาวิชาวิศวกรรมเครื่องกล,สาขาวิชาวิศวกรรมไฟฟ้า,สาขาวิชาวิศวกรรมโยธา เลือกสาขาภายหลัง)","Bachelor of Engineering (Automotive Engineering, Mechanical Engineering, Electrical Engineering ,Civil Engineering)",ภาษาไทย ปกติ,วิทยาเขตหลัก,"ประมาณการอัตราค่าเล่าเรียน ตลอดหลักสูตร 320,000 บาท",-,0,0,80,0
299,มหาวิทยาลัยสยาม,2. วิศวกรรมคอมพิวเตอร์,1. วศ.บ. วิศวกรรมคอมพิวเตอร์ (ภาษาไทย ปกติ) วิทยาเขต วิทยาเขตหลัก,วศ.บ. วิศวกรรมคอมพิวเตอร์,Bachelor of Engineering (Computer Engineering),ภาษาไทย ปกติ,วิทยาเขตหลัก,"ประมาณการอัตราค่าเล่าเรียน ตลอดหลักสูตร 303,500 บาท",-,30,0,20,0
300,มหาวิทยาลัยสยาม,3. วิศวกรรมเครื่องกล,1. วศ.บ. วิศวกรรมเครื่องกล (ภาษาไทย ปกติ) วิทยาเขต วิทยาเขตหลัก,วศ.บ. วิศวกรรมเครื่องกล,Bachelor of Engineering (Mechanical Engineering),ภาษาไทย ปกติ,วิทยาเขตหลัก,"ประมาณการอัตราค่าเล่าเรียน ตลอดหลักสูตร 329,850 บาท",-,40,0,0,0
301,มหาวิทยาลัยสยาม,4. วิศวกรรมไฟฟ้า,1. วศ.บ. วิศวกรรมไฟฟ้า (ภาษาไทย ปกติ) วิทยาเขต วิทยาเขตหลัก,วศ.บ. วิศวกรรมไฟฟ้า,Bachelor of Engineering ( Electrical Engineering ),ภาษาไทย ปกติ,วิทยาเขตหลัก,"ประมาณการอัตราค่าเล่าเรียน ตลอดหลักสูตร 333,500 บาท",-,40,0,0,0
302,มหาวิทยาลัยสยาม,5. วิศวกรรมยานยนต์,1. วศ.บ. วิศวกรรมยานยนต์ (ภาษาไทย ปกติ) วิทยาเขต วิทยาเขตหลัก,วศ.บ. วิศวกรรมยานยนต์,Bachelor of Engineering Program in Automotive Engineering,ภาษาไทย ปกติ,วิทยาเขตหลัก,"ประมาณการอัตราค่าเล่าเรียน ตลอดหลักสูตร 301,650 บาท",-,40,0,0,0
303,มหาวิทยาลัยสยาม,6. วิศวกรรมโยธา,1. วศ.บ. วิศวกรรมโยธา (ภาษาไทย ปกติ) วิทยาเขต วิทยาเขตหลัก,วศ.บ. วิศวกรรมโยธา,Bachelor of Engineering (Civil Engineering),ภาษาไทย ปกติ,วิทยาเขตหลัก,"ประมาณการอัตราค่าเล่าเรียน ตลอดหลักสูตร 326,600 บาท",-,40,0,0,0
304,มหาวิทยาลัยสยาม,7. วิศวกรรมอุตสาหการ,1. วศ.บ. วิศวกรรมอุตสาหการ (ภาษาไทย ปกติ) วิทยาเขต วิทยาเขตหลัก,วศ.บ. วิศวกรรมอุตสาหการ,Bachelor of Engineering (Industrial Engineering),ภาษาไทย ปกติ,วิทยาเขตหลัก,"ประมาณการอัตราค่าเล่าเรียน ตลอดหลักสูตร 305,700 บาท",-,40,0,20,0
305,มหาวิทยาลัยหอการค้าไทย,1. วิศวกรรมคอมพิวเตอร์,1. หลักสูตรวิศวกรรมศาสตรบัณฑิต (วิศวกรรมคอมพิวเตอร์และปัญญาประดิษฐ์) (ภาษาไทย ปกติ),หลักสูตรวิศวกรรมศาสตรบัณฑิต (วิศวกรรมคอมพิวเตอร์และปัญญาประดิษฐ์),B.Eng. (Computer Engineering and Artificial Intelligence),ภาษาไทย ปกติ,วิทยาเขตหลัก,"อัตราค่าเล่าเรียน 340,000 บาท ตลอดหลักสูตร",อัตราการจบการศึกษา ร้อยละ 80 ของนักศึกษาปีการศึกษา 2566,0,0,60,0
306,มหาวิทยาลัยหอการค้าไทย,2. วิศวกรรมไฟฟ้า,1. หลักสูตรวิศวกรรมศาสตรบัณฑิต (วิศวกรรมไฟฟ้าและพลังงาน) (ภาษาไทย ปกติ),หลักสูตรวิศวกรรมศาสตรบัณฑิต (วิศวกรรมไฟฟ้าและพลังงาน),B.Eng. (Electrical and Energy Engineering),ภาษาไทย ปกติ,วิทยาเขตหลัก,"อัตราค่าเล่าเรียน 340,000 บาท ตลอดหลักสูตร",อัตราการจบการศึกษา ร้อยละ 80 ของนักศึกษาปีการศึกษา 2566,0,0,60,0
307,มหาวิทยาลัยหอการค้าไทย,3. วิศวกรรมโลจิสติกส์,1. หลักสูตรวิศวกรรมศาสตรบัณฑิต (วิศวกรรมโลจิสติกส์) (ภาษาไทย ปกติ),หลักสูตรวิศวกรรมศาสตรบัณฑิต (วิศวกรรมโลจิสติกส์),B.Eng. (Logistics Engineering),ภาษาไทย ปกติ,วิทยาเขตหลัก,"อัตราค่าเล่าเรียน 340,000 บาท ตลอดหลักสูตร",อัตราการจบการศึกษา ร้อยละ 80 ของนักศึกษาปีการศึกษา 2566,0,0,60,0
